用户名,电视剧观看状态,评论分数,评论等级,评论时间,评论位置,评论点赞数,评论
我想梦见,看过,50,力荐,2023-01-15 14:04:00,四川,17595,张译真的是电视剧电影两手都要抓两手都很硬，有演技的真是演啥都得行，还有张颂文吴刚张志坚这种，建议365天给绑在剧组，无缝进组，救救观众们被迫看垃圾剧的眼睛吧，看真正的演员演戏就是享受，就是得劲
Yakamoz,看过,50,力荐,2023-01-27 22:18:32,河北,14742,徐雷作为一个涉黑背景的富二代，爱好——电鱼、喝AD钙，多纯真啊！
东门捷径小V,看过,40,推荐,2023-01-14 21:54:17,湖南,14988,大结局前盲猜一个黄瑶韬晦多年搜证击垮强盛，再用她妈给的录音笔完成对赵立冬及阿伞的绝杀，她就是黄翠翠老默这对悲惨尘埃CP豁出命+安警官对弱势者的温暖善意共同保存的燎原火种。//    孟德海线强行删改可惜了，不然这剧真可以封神。高启强屋里那本红楼梦，是在暗示“淫丧天香楼”改成了“死封龙禁尉”吗？还是指真本后四十回其实已丢失现在的全集是狗尾续貂？//    目测是部虾系剧，剥掉前头扫黑官话和硬尬主旋律虾线部分可食。国剧终于又允许出现有血泪的复杂反派，只想看张颂文这个出场衰到死的死鱼贩子如何二十年变身涉黑商界大佬爽虐文！警黑关系也不再刻板，孽缘是必然会在小警察柔情以待小鱼贩时产生的吧！张译说出那句“我怕你万一再出事呢”时，阿强不可能不爱上阿欣的吧！
momo,看过,40,推荐,2023-02-01 12:47:16,山西,13082,真够牛的，专案组一到，全京海就都对不上口型了。
juliazabu,看过,50,力荐,2023-01-14 23:03:46,上海,13716,只要尺度放开，中国也是可以拍出很精彩的剧的！张译和张颂文两位演技派把一正一邪的形象在黑社会帽子影响下的演变演绎了出来，非常精彩，人物都有血有肉，追剧追剧
大牛,看过,50,力荐,2023-01-16 00:10:58,河南,12110,张颂文把一个受欺负的小老百姓一步一步被逼成黑社会老大的过程完美演绎出来了，太带劲了
🦊👀,看过,40,推荐,2023-01-14 21:35:39,四川,10792,狂飙：就是看张译，张颂文疯狂飙戏的意思吧，嗯。
Roamingdw_h,看过,50,力荐,2023-01-16 04:07:50,河北,9369,我比较喜欢张颂文这条线，想看看他一步一步成大佬的经过，有点像Mr.White 。
夕玦,看过,50,力荐,2023-01-24 00:47:32,浙江,8404,为李响哭崩溃的一天。安欣追求的是理想，李响想要的是安心
孙小迪,看过,50,力荐,2023-01-18 02:11:31,辽宁,8900,"顶着锅盖说一声：张颂文演得比张译好。张颂文就是高启强，但安欣是张译演出来的。当然这俩人都是王者级别。想随便看看来着结果真挺好看。——一口气肝了十一集，根本停不下来，很好看，特别有美剧味儿。高启强让我想起了疑犯追踪里的老师……"
Autism,看过,50,力荐,2023-01-21 20:20:34,浙江,7919,想看高启强做大做强（三观不正版
今天看好戏,看过,40,推荐,2023-01-15 00:59:27,重庆,6929,剧情演技都非常不错的一部剧。张译饰演的安欣二十年前眼里有光，生机勃勃。二十年后，人未老头先白，难以想象他到底遭遇了什么。张颂文饰演的高启强真的是狐假虎威，渐渐变成了别人。屠龙少年心如死灰，而他保护的人变成了恶龙。
北京秀才,看过,50,力荐,2023-01-14 22:11:43,北京,6416,对于这个期待的阵容，不枉我等这么久，值得啊！双张都太优秀了，高启强和安欣相识于微时，最终立场不同分道扬镳，张译居然演出了少年感，白发安欣一出场，我仿佛看到另一个平行世界的江阳，愿这次一切都不晚。
Ccqinr,看过,40,推荐,2023-01-17 21:37:09,重庆,5828,对什么主旋律不感兴趣 我爱看黑老大发家史😋😋😋
奶油血滴子,看过,40,推荐,2023-01-14 23:13:50,内蒙古,5306,可以，有吸引力。普通人（卖鱼贩）想要成为大佬，老祖宗说的以下几项缺一不可。一命(命中注定借助警察来开路)，二运（第三次技术革命的产物小灵通），三风水四积阴德（稀里糊涂的铲除劲敌，死里逃生）五读书（弟弟）。
仰望,看过,40,推荐,2023-01-19 11:01:27,陕西,4509,咱就说，李一桐这个角色存在的意义是什么，就是谈恋爱么？
阿蚊,看过,50,力荐,2023-01-24 03:17:27,广东,3307,严查张颂文！！！他不像是演的
森屿暖树,看过,50,力荐,2023-01-14 21:34:20,湖北,2678,一口气炫了五集，有人民的名义那味儿了
嵇珞疏,看过,50,力荐,2023-01-14 21:35:13,辽宁,2513,"质感爆剧预定！张译张颂文一正一邪，飙戏带感，""相爱相杀""，看点十足。悬疑向，烟火气，细节派，大尺度，名场面，还穿插点搞笑。看安欣由一身硬骨、意气风发变得满头白发、暮气沉沉。看高启强一步步由被人欺压的鱼贩子变成涉黑大佬迈向深渊。看高启盛如何聪明自卑敏感腹黑，背后伤人和放火烧店等行为让人后背发凉。把视角对准人性的变化和复杂性，对「匪」的刻画也不再刻板。两层双线叙事。从黄翠翠被害案、溺毙鱼塘案、安欣卧底案、沙石埋人案、安欣车祸案到谭思言陆寒王力的遗体重见天日，诸多案件丝丝缕缕环环相扣。还有陆寒失踪案、杨健码头案等案件看得人""老泪纵横""。心算鸡兔同笼的情节也是学生时代的噩梦吧。编剧叙事风格沉稳干练，人物刻画丰满立体。可看值max！"
特別嘉賓,看过,40,推荐,2023-01-24 01:30:08,新疆,1859,孟局的女儿 为什么要有这个角色😅
WHALExxx,看过,50,力荐,2023-01-14 21:34:07,河北,2261,看了前两集 很不错 张颂文张译太满足期待了
薛定谔的猫,看过,50,力荐,2023-01-27 00:57:21,重庆,1622,看狂飙让人觉得害怕，安欣这样的警察是老百姓最应该期待的警察，但是这样的警察到满头白发还是没能升职，在利益团体和关系网里，他还没被开除没被整死已经算幸运。但更可怕的是看到网上更多的人关注的是强哥翻身的成功学，仿佛这是一部励志剧。都希望有安欣这样的警察，但谁也不想成为安欣这样的警察。
闵中智,看过,40,推荐,2023-01-20 10:50:56,黑龙江,1920,"1. 被张译的表演痕迹糊到窒息。他嘟嘴的样子看得我脚趾抠地。2.张颂文太强。3.这样的社会真有男主这样不食人间烟火的人？不是说这样不好，只是这样最多能做个道德标杆供人膜拜，但注定一事无成，因为他无法调动任何资源。那么到底该倡导更多人学男主，还是反思一下大环境的问题呢？4.2000、2006、2021分别属于什么时代，emm，不可说。5.本剧比《扫黑风暴》评分高太多的点在它探讨了恶的根源和形成过程，张颂文的演技没辜负这个加分项，我们一步步看着高家兄弟内心的恶生根发芽欲望一点点膨胀却毫无办法，这是社会的无奈，是悲惨的无数底层群众的无奈。什么叫公平？没有绝对的公平，任何社会成功者都是极少数。公平最多就是让过得好的别太嚣张，过得差的也别太惨，不然后者只会扭曲人格想着怎么爬上去加倍嚣张和压榨。"
SailorJ,看过,50,力荐,2023-01-17 10:34:19,北京,1827,能好好做生意的话谁愿意上梁山
houty2018,看过,50,力荐,2023-01-14 22:25:41,云南,1810,很好看，基本上主要演员的台词都对我的耳朵非常友好！
三月的尤文威武,看过,50,力荐,2023-01-20 18:27:19,江苏,1374,张译的少年感，不是用白衬衫、打光、单车、日剧跑来表现的，他实力演绎了安欣初出茅庐的少年感，是少年对理想秩序的追问和坚守，而不是像某些明星扮嫩而去演少年，感谢张译。
悦小宁,看过,40,推荐,2023-01-14 23:00:07,上海,1837,张颂文真的太厉害了太厉害了太厉害了！！！！完全超神啊！！！！一部电视剧可以没有一个流量真是太爽了太爽了太爽了！！！虽然近两年类似影视作品看多了有点审美疲劳，但是目前总体质感很好，非常精彩！！只求不要烂尾吧～
苹果黎,看过,50,力荐,2023-01-27 17:36:39,山东,1137,拍得好啊，我们厂厂长，我发小加同班同学的爸爸，外地出差在酒店跳楼去世，还没两年。是替谁为了保谁在当地都是心知肚明的秘密，可是结局就是死了就死了，有些东西到这里就断掉了。这种事情我从小到大听闻的看到的经历到的数不胜数，上访被关小黑屋被打压被下岗被各种生命财产威胁，当然也有领导多年坚持向上递材料举报的，结果就是被孤立被蹉跎不怕你不放弃，只有这两年大环境变了些待遇才有丝丝改变，但大半辈子已然逝去。看这个剧的时候我是真心难受，现实更冷更残酷，李响已经够难得了，我们大都是顺应时势的人，没有人没沾过人情的便利，有过一次就忍不住会有无数次，这是我们的人情社会，领导内部互相检举多的也只是派系斗争而不是为了什么正义，人只是牺牲品。很多人觉得扫黑剧没意义，假大空，但我觉得特值得，很多人不该死的默默无闻。
最后一片净土,看过,50,力荐,2023-01-19 15:24:39,内蒙古,1163,看完了么就说假大空？？未知全貌就瞎叭叭，就那么爱资本主义爸爸拍的片儿？我就寻思那黑暗荣耀也不至于8.9
想吃橡皮糖,看过,50,力荐,2023-01-25 01:23:38,云南,1073,李响想的是安心安欣想的是理想
momo,看过,50,力荐,2023-01-27 23:03:22,云南,1177,五星不是给这个剧，而是希望让资本看到我们观众喜欢这样的，不要再投给傻逼偶像剧了，给自己争取一点看国产好剧的机会。
蓝颜柯林si,看过,40,推荐,2023-01-31 16:17:42,吉林,902,1-12集：9分；13-26集：8分；27集-至今：6分。
ww5,看过,40,推荐,2023-01-21 21:57:27,山西,960,新主流耽改剧
祝人类战胜新冠,看过,40,推荐,2023-01-14 23:15:15,浙江,1089,本来只是想看双张飙戏，对剧情期待但是不敢抱太大希望，目前为止，剧情好看程度是超出我的预期的，希望再接再厉，争取虎头开始，虎尾结束！
大脸猫爱吃鱼,看过,40,推荐,2023-02-01 22:54:21,江苏,816,所有的精彩结束于李响坠楼与安欣调离刑警队。
艾石,看过,50,力荐,2023-01-23 12:54:57,上海,900,安欣很轴吗？轴不好吗？做警察不轴分分钟被腐蚀，他不结婚不生孩子就为了打黑他是吃饱了撑的吗？你们这些懂人情世故的警察，自己做不到就不要阻碍别人追求正义吧。为安欣举大旗！强哥，把你的孙子兵法读书笔记拿出来分享一下吧。
瓦砾,看过,40,推荐,2023-01-17 23:04:32,甘肃,1162,张颂文太强了！张译一个男主在张颂文面前完全成了配角，以至于我现在只想看强哥搞事业哈哈哈哈哈！（ps：啊啊啊啊啊啊烂尾了！！！）
凉风,看过,40,推荐,2023-02-02 11:10:15,四川,687,事实证明，审核的确限制了国产剧的上限。
All of me,看过,50,力荐,2023-01-24 11:22:03,上海,694,2023主线任务1.认识警察2.卖鱼3.买等离子电视4.认干爹5.看孙子兵法
一级拖延症选手,看过,50,力荐,2023-01-23 13:21:27,北京,800,张颂文又一次证明，性感又迷人的反派角色只会提升观剧的沉浸感，希望国剧能卷起来
大奇特(Grinch),看过,50,力荐,2023-02-01 22:02:36,北京,212,剧本有明确的分季意识，用时间结构拆成三“季”，每“季”服务于不同戏剧目的。押注于反派角色高启强身上，主线是黑老大的发迹和谋略，叠了警察安欣的执拗平行线，又扣了扫黑的“过审安全帽”作为前提和结语。一个保护家庭的机会主义者和一个没有软肋的理想主义者之间的微妙对立，一个愈加圆滑，一个越磨越平，他们都偏离了“有方有圆”的人生轨迹。因为宣传属性一直都在，核心故事自然高开低走。原本第三段里孟赵之间的官斗会更有深意，结果还是被删减、配音和主旋律打散，不过在现有审查制度下已经很难得了，对我来说结尾的降智和妥协都是可以原谅的。整个剧得益于张颂文精彩的表演，当他内心发生转变或环境发生变化时，他就像变色龙一样随之变化。即便是反派，也总能让人共情，是人性的共情。
Doris,看过,50,力荐,2023-01-18 21:05:19,江苏,675,真正的现实世界中扫黑风暴那样的爽剧情节是不存在的，更多的是安欣这样的，看着憋屈又心碎，五星支持一下，原因无他，多一些好剧，现实题材剧，惟愿海清河晏。
宇宙牌儿香烟,看过,40,推荐,2023-01-21 09:54:38,河北,490,“张译能不能别带些乱七八糟的口音，模仿的也不像，很奇怪。正常说普通话不好么”同感，听着太难受了，演得还是很好的。
江近人远云依旧,看过,50,力荐,2023-01-28 03:56:22,河南,522,如果扫黑剧都是这个水平，我为啥还要天天看美剧？？
渡边,看过,40,推荐,2023-02-02 00:33:04,上海,295,巨人看到“海的那边”就行，冰火看到长夜之战就行，狂飙看到高启盛死就行。
Prettycat5237,看过,50,力荐,2023-01-14 23:15:55,广西,567,张译是真牛逼！靠演技变成小年轻，还不是模式化的愣头青。还有张颂文，演技太舒服了！看前三集就时刻担心两男主会被虐，明明是倒序。剧情目前不错，全员走钢丝，又紧张又搞笑又想看！
湖心亭雪,看过,50,力荐,2023-01-24 22:32:37,安徽,409,二十年前年夜饭的那顿饺子，难道错了吗？
Rembrandt,看过,40,推荐,2023-02-05 16:31:10,北京,323,好看，但是不买单。从人设和27集前的剧情，确实比一水没有演技的流量明星强太多了，但是后边的中国特色社会主义结尾，全京海都不再会正常说话，配音劣质到全员恶心。为什么不去查查不让影视艺术开口的保护伞是谁呢？
无处安放的孤独,看过,40,推荐,2023-01-28 21:32:49,黑龙江,393,狂飙真的26集就结束了，时间线回到2021年之后后面为了过审真是给高启强强行降智，现实中真的哪有大佬会在省委调查组来还不知道收敛的，就好像生怕别人不知道那些幺蛾子是他搞的一样，这群人现实中都人精着呢，并且这种行为也不符合卖鱼强前26集的人设，你看看连他自己都说省委指导组这些人和以前那些力度变得大很多，当然张颂文的表演值得所有的褒扬
很难挑选的鳄梨,看过,50,力荐,2023-01-28 14:51:54,湖北,417,喜欢嫂子 全世界女人我最爱这款要是能在电影院看就好了 因为一想到张艺谋还在污染中国市场我就觉得恶心 他哪部电影不奸污女性就好像拍不了片子 爹味和猥琐写在那张脸上 好了 串场了还是张颂文帅
欢乐分裂,看过,40,推荐,2023-02-02 19:30:43,上海,182,3.5；带着镣铐跳舞的结果如预期般成为赞美和遗憾的综合，开端的狂飙式高歌猛进有多畅快，结局就有多泄气虚假；打着扫黑安全旗帜的伟光正口号无疑是尴尬败兴的，但当中相当多的人设不统一、剧情漏洞、细节对不上、第三阶段的潦草胡编删改也是口碑走低的重要原因，反正后半程全靠演员撑着，这样的环境不会允许真“神”作的诞生，所谓大尺度也被划分在命题作文的保护半径内。如此出圈证明观众对一部正常国产剧多么渴望（即使有不少明显弊端）——1、编剧对主副线、正反派的把控最打动人，允许人有七情六欲，允许犯错，再次证明有个好/正常本子多么难得；2、群像异常生动，配角有一定生存空间，每个小人物都有浓墨重彩的一笔，启用好演员可能是目前国产剧最趁手的利器；3、没有失真滤镜，色彩基调符合“现实主义”取向。
贫僧法号不戒,看过,40,推荐,2023-01-18 12:54:17,湖南,313,李一桐出来我就跳戏，真是一个老鼠屎搞坏一锅汤。
Angelabåcon,看过,40,推荐,2023-02-10 00:16:06,北京,194,前半段绝命毒师 后半段建国大业
fre_issey,看过,40,推荐,2023-01-21 16:43:41,江苏,392,张译的演技有点失控，影帝也不是所有角色都能胜任的，这个角色设定明显张译驾驭不了，至少是年轻那一段驾驭不住，就很怪！
ElioElioElio,看过,50,力荐,2023-01-15 00:05:14,英国,401,不知道因为审核删减魔改过多少台词内容，有好几处口型对不上看得很糟心，镜头剪切在双人对话处较为混乱，不像是央视该有水准。两张一吴绝对是本剧的活字招牌，开局张译张颂文对手戏相当好看，又有刑侦探案又有扫黑除恶，还有大环境下小警察和小市民的变化，卖鱼强逆袭之路和张译的傻白甜警察值得期待。相比人民的名义狂飙没那么专业但更有了故事感，也比其他的扫黑题材高出一截。｜完结草草收尾不意外，扫黑的大前提就注定它没法完整讲述一个故事而是要上升到正确的旋律。孟德海就是最大炮灰，不改台词和设定狂飙会更好看，也会过不了审。前期高启强的成长剧本大程度让张颂文展现了演技，后期沦为平面反派很可惜。#releasetheoriginalcut吧
偏执的猫,看过,50,力荐,2023-01-29 01:33:20,山西,258,事实证明 不好看不是主旋律的问题
柯里昂阁下,看过,40,推荐,2023-02-01 23:51:37,江西,178,前12集完全值得5星，可以看做一季完整的剧集，安欣的雷锋式的警察形象吸粉无数，高启强的腹黑人设加上精彩表演直呼炸裂，一黑一白一正一邪成长关系变化，尤其是高启强的这个角色的成长史，让前12集有一种警匪片中少有的史诗感，想起了第一季《毒枭》。后面从13集开始到26集左右，叙事逐渐松散化，不再是警与匪的二元对立，开始拓展到黑社会势力内部的争斗和对整个法制系统的渗透，伴随着大量角色的死亡，黑与白之间势均力敌。到最后13集随着指导组的进入，审查的力度明显加大，口号形式、说教色彩愈加突出，嘴型大量重新配音删改，黑社会势力逐渐崩塌，关系网逐渐收缩，人物悲剧归宿定型，主旋律的色彩逐渐占据人物和故事之上，基本很难看到类似那种宿命式的悲剧感和史诗格局，最终还得回到“意识形态正确”之中，这决定了我们的文化表达。
木由,看过,40,推荐,2023-02-04 21:15:02,法国,190,我宁愿这部剧停在26集封神，也不愿看后面心口不一的狗尾续貂。孟德海线改得太可惜了，黄瑶、孟钰后面难得的高光时刻也被改得面目全非。张颂文演技真的是好！反派角色大嫂、高启盛、小龙小虎都形象饱满，相比之下正方过于平面单调缺乏层次仿佛工具人。谭思言的出场比重甚至不如一碗猪脚面，我们至今不知道安欣家是什么样子。虽然国产剧在主角方面的塑造和打磨还欠火候，至少出现了有血有肉的反派，可喜可贺。
然后呢,看过,40,推荐,2023-02-02 00:18:12,广西,207,需要唇语大师复盘那些重新配音的画面
Groot.,看过,50,力荐,2023-01-27 18:58:03,浙江,287,没有小鲜肉的剧真的是干干净净 太舒服了
青峰,看过,50,力荐,2023-01-17 08:02:23,四川,315,感觉比人民的名义更要顶
DarthLili,看过,40,推荐,2023-01-16 22:55:11,上海,265,有些人穿个连帽衫就能演小年轻，这就是整容式演技。希望安欣可以不忘初心，风雨无阻。
momo,看过,50,力荐,2023-02-05 23:39:45,浙江,158,其实安欣也是有保护伞的，没有保护伞的人很容易就被腐蚀或者丢性命了
我叫樊小安,看过,40,推荐,2023-02-21 00:18:54,新加坡,109,感觉有点烂尾，收尾太简单。说句冒犯，这剧表明系统性腐败无法自愈，只能依赖更高级别接入，而这个更高级别如果也有问题，那就完了。 没有自下而上监督，没有制度型保证，是无法保证长治久安的。
木愿,看过,40,推荐,2023-01-27 15:41:11,加拿大,291,有点过誉。老墨大嫂阿盛李响龙虎兄弟这些配角很出彩！张译太做作了啊啊啊啊！感觉时时刻刻在问“我演得牛不牛？” 那一口蹩脚古怪的口音是要干嘛？一定要装南方口音那就好好学啊！！还有张译演戏为什么总是装结巴，why??  更新一下：27集之后急转直下，有点看不下去了，看前26集就够了。
Porthcurno,看过,40,推荐,2023-02-06 19:05:29,湖北,139,这剧前26集跟后13集就像两个编剧写的…
sbwhx7,看过,50,力荐,2023-02-15 15:30:54,河南,120,指导组想继续查，广电不让继续查了😒
Black.Z,看过,50,力荐,2023-02-11 14:08:05,福建,150,“我投诉你啊，安欣”，是高启强对安欣说过最狠的话。
王写写,看过,40,推荐,2023-02-01 22:00:58,北京,95,最精彩的第12集，政法委公安系统表彰大会，调度，节奏，剧作应该是我看过的国产剧的顶峰了。然而自徐江死后，张力逐渐就不够了，高启强发家后如何铲除异己，如何与竞争对手对抗，如何想缴断自己脖子上的狗链，都拍的像流水账。再到督导组部分，简直没法看了，大量修改台词，为了推动案件侦破加了一堆线索型角色，大量稀释了主要人物的气韵。虽有很多遗憾，但仍是这几年国内最好的扫黑题材剧集，因为它真正讲述的，不是安欣这样有上级光环照耀的平民英雄如何对抗黑恶势力，而是李响、陆寒、谭思言这样真正的普通人，是怎样连与黑恶势力玉石俱焚的机会都没有，就悄然蒸发于人间的。对于这些没有任何光环照耀，没有任何靠山的普通人，是否只能如高启强那样被迫成为亡命徒，才有阶级跃升过上好日子的可能呢？一些台词也揭示了这样的社会结构性问题。
iww,看过,50,力荐,2023-01-20 15:11:34,辽宁,365,张颂文奉献了目前为止最精彩的演出，呈现出了通过演技让角色合理，让观众沉浸其中的作品。
powersong,看过,40,推荐,2023-01-30 21:59:22,浙江,146,35集吴刚的拙劣表演后，感觉要烂尾了。打四星算是鼓励国产剧。
Walder Frey,看过,40,推荐,2023-02-10 23:04:47,青海,3,达康书记和育良书记，这能不期待？/快30集了，没毛病！
恰恰,看过,40,推荐,2023-02-03 12:48:53,北京,76,看到十来集的时候，就猜到了这部剧会大火，也猜到了后半部分必然会不受控地滑向草率收尾与修改灾难。写了剧评，却在微博这类更宽松的平台都发了三次都没发出来。如今收官后，看到全民沉浸式的集体狂欢，挺感慨的。中国的观众啊，太寂寞也太可怜见了。我们不是认不出好东西，我们不是不需要国产剧，外语片拍得再好也终究隔了一层，我们依然需要本土叙事。可终究一切努力也只能滑向不可说的、不可抗力的一声叹息。
Bella,看过,40,推荐,2023-01-26 21:07:55,广东,161,全员人物塑造的都比较立体，除了安欣。张译演技很好，是编剧的锅。在高启强周边人物经历都很丰满的对比下，观众只能看到主角安欣的勇敢和坚持，其他的呢？观众知道他父母因公殉职，但是没有一个镜头给到他的生活，他的痛苦，他的挣扎。这让他的勇敢和执着是那么苍白和脆弱。但凡砍掉李一桐那条线，加强对安欣的人物弧光塑造，会让这场黑白对战中的正义一方更加有看头。
attack143,看过,40,推荐,2023-01-28 09:58:47,山东,135,有个组织现在就是最大的黑，扫黑除恶力度再大，能有多大作用?治标不治本罢了。权力不受约束，政治不透明的官僚体系，自然会滋生黑恶势力组织。
影幻月,看过,50,力荐,2023-02-01 01:26:21,广东,141,27集过后的剧情走向和对不上的嘴型使得整部剧从狂飙走向了乱飙，如果能够按照美剧的模式分季播出，更加细致地刻画一个符合我国特色国情和社会营商环境的黑老大的成长，壮大和覆灭，配上张颂文老师精准细腻的演出，这部剧是有望成为本土“教父”或者“绝命毒师”的，最后还是可惜了…但我还是要坚定地给出五星，只为它在当下的出现并带动的收拾狂潮，证明了大部分观众已然厌倦盘踞本土屏幕多年的古偶现偶仙侠等悬浮题材，我们渴望更多能反映当下社会发展矛盾的现实主义题材剧集的回归，以及内地也有只是以前没有被注意到的，优秀得不输给其他任何国家和地区的包括演员在内的台前幕后人员能够支撑起这类题材的制作。内娱或许还没完，只是需要转变！希望狂飙只是开始，而不是如当年人义般的昙花一现。
Bettyyyyy,看过,50,力荐,2023-02-03 13:10:41,广东,149,单纯从艺术性来说，这部剧在我心目中的结局是安欣在交警台，高启强刚好路过摇下车窗的那一幕。
杨过喜欢吃火锅,看过,50,力荐,2023-01-19 13:07:20,山东,177,故事要从警察出自善意的一次帮助讲起.....
无语丧丧怂人,看过,50,力荐,2023-01-19 06:43:38,新西兰,211,张译牛比我要说麻了！希望张译继续保持高质量选剧演戏，千万别上综艺，求求了！之前喜欢的演技好的中年男演员因为过多综艺我已经开始反感了，希望张译保持纯洁。希望张颂文这样的演员被更多的人知道！
花与爱丽丝,看过,40,推荐,2023-02-09 10:59:48,山西,76,三天追完《狂飙》，看到后面终于知道为什么评分一直在降了。按常理，导演和编剧的能力和智商不可能在短时间内下降的这么快，一定是有“黑恶势力”威胁剧组，导致后面剧情乱七八糟，看似弘扬扫黑除恶破伞的决心和成果，实则彰显了正义方的弱智和无力，指导组赶紧去查呀！
momo,看过,40,推荐,2023-02-07 01:51:49,美国,103,戴着镣铐跳舞的代表作，剧组为了过婶的一系列操作，堪称灾难。每一个口型对不上的镜头，对观众是一种rape…本来想给1星，但是演员是无辜的。还有吴刚以后不要拖家带口进组了，谢谢🙏🏻
发条欣,看过,50,力荐,2023-01-16 11:03:44,湖北,216,这个拥有 13 亿人口的地方终于出了一部精彩的电视剧了呀。嘿嘿嘿，嘿嘿，嘿。张译可真是演员演技的试金石，行的就能接住他的戏。
译🔪妖    😈,看过,50,力荐,2023-01-28 12:11:15,湖北,150,李想终于安心安欣忠于理想
tuqiangnihao,看过,50,力荐,2023-01-23 13:52:17,江苏,193,只要不烂尾 绝对是史诗了
猛汉世雄,看过,40,推荐,2023-02-08 14:48:16,江苏,73,老头含量超标，接下来十年我都不想看这么多中老年男子主演的影视剧了。
小马,看过,40,推荐,2023-02-02 12:15:55,辽宁,111,任何有违创作者意志的改动都是作品的不幸
豆豆豆瓣,看过,50,力荐,2023-02-01 23:43:37,广东,98,2000-2006时间段我认为是神作，2021可能因为妥协，我认为最多成为佳作，可惜
小波福娃,看过,40,推荐,2023-02-04 15:54:12,上海,60,注定烂尾，保护伞上还有啥就不能提了，故事大背景的起点应该拉到2000年以前，搭配《红色资本》一书食用。这剧其实是打着扫黑反腐片的名义，拍法接近于黑帮商业片了，算是这类型里难得的成功创新。
Thrive-D,看过,50,力荐,2023-02-01 13:52:06,陕西,91,无论今晚大结局怎么样，有一个事实是值得重申的：我们都渴望安欣，也都怕安欣。这就是人性
张小北,看过,40,推荐,2023-02-11 15:11:55,北京,47,好的地方很好，但奇怪的地方也很奇怪。虽然都能理解，但真的有一些地方看的莫名其妙或者忍无可忍……在 3 星和 4 星之间纠结了很久，但还是瑕不掩瑜吧，因为毕竟好的地方能做足也是非常不容易的……可回头一想，也不能老是因为「不容易」而放松正常的创作标准啊……
安东,看过,40,推荐,2023-01-28 23:41:06,山东,70,总集数：26集。
废稿纸,看过,40,推荐,2023-02-06 15:19:46,广东,82,一路狂飙，26集之后明显飙不下去了。为了一个正确的结局而歌功颂德，好爹味好社会主义化的结尾。可现实从来都是，一方恶势力散去，另一方贪官污吏继续搜刮民脂民膏。清官是有，但没那么清正廉洁哈，所以这也是为什么狂飙出彩是高启强，而非好得没有任何缺点的安欣，因为他最不像一个官。
战国客,看过,50,力荐,2023-02-03 01:33:10,广东,84,必须5星！后面几集为什么弱了大家都清楚，音画都不同步了… 你没法要求比现在呈现得更好了
leafalone,看过,40,推荐,2023-02-02 21:15:26,湖北,106,前26集着实精彩，充斥着冰血暴式暴力美学和宿命感，更可贵的是展现了人物的复杂性，人物虽疯狂，故事虽离奇，但却令人信服。26集后，指导组进场，剧情急转直下，空话连篇，神棍横行，变成了给巨婴看的童话。安欣的隐忍和坚持，无数人的痛苦，竟然都是没有意义的，省里的工作组一来，穿着干净的衣服喊喊口号，就把问题解决了。孤胆英雄史诗被青天大老爷玷污，所有的牺牲都成了玩笑。后期配音改剧情也使很多人物前后矛盾。本片本有可能展现一个真相：是官本位的制度制造了乡村和城市的黑暗面。心怀正义，在精神上坚持走到最后的人，都走不到最后。正因如此才需要改革。派个清官的路子，意味着并不想真正解决问题。最后一集黄翠翠、饺子两个前后呼应很绝。看完又拉回第一集，到除夕吃饺子那段，哭了，即便被改，还是有着史诗的力量。感谢这么多好演员。
|(·_·) |·靖,看过,50,力荐,2023-01-25 10:17:47,广东,137,这个剧名是不是少了两个字，应该叫狂飙演技。那些大佬小弟太吓能了，直接从里面拉出来再就业的吗😅
自由行走的花。,看过,50,力荐,2023-01-29 20:47:56,河北,115,安欣怎么这么好啊 纯粹的干净炙热的光温暖所有人高启强 陈书婷 老默都知道他的好都向往他身上沐浴到的光泽那是他们终其一生也无法拥有的只有安欣愿意一次次伸出援手拯救他们堕落的深陷泥泞的灵魂这个世界容不下理想主义者却总也不敢轻易动纯粹的良善每次戏谑光的时候 被戏谑的都是自己
公民奎文,看过,50,力荐,2023-02-08 21:45:06,上海,92,这部剧只证明了一点：国产剧有能力拍好，也有能力讲好一个故事，但众所周知的原因，这盘菜现在只能呈现出这个样子。
影随茵动,看过,40,推荐,2023-02-02 11:12:54,北京,82,结局过于潦草了。高启强始于亲情，终于亲情，众多的迫不得已之后变成了鳄鱼的眼泪，安欣这条线却是无父无母的孤儿，图有一身执拗的正义，不是安欣不够惨，而是他这条线就没有好好交待。人啊，放弃底线很容易，而坚守底线没有几个人能做到，可惜，90%的笔墨都花在了那些放弃者身上，坚守者如谭思言、陆寒在剧里都只是极短的侧写，徐忠、纪泽更像过场人物，即使如安欣这样贯穿始终的鳄鱼的对手，也缺乏温度，让人难于共情。其实，贪恶不需要理由，因为自私的基因是人类的本性，理性的善才是最稀缺，最值得表达的部分。
乔小囧,看过,40,推荐,2023-02-01 23:43:33,上海,88,孟德海赵立冬斗法这条线要是能补全就好了。
小驹头,看过,40,推荐,2023-02-02 13:50:17,上海,84,前12集绝命鱼师5星，中段4星，结尾2星
魔鬼の翅膀,看过,50,力荐,2023-02-02 01:36:29,四川,127,可惜，最后的保护伞到省一级就戛然而止了。实际上都知道，更上面有人。
№      偏执,看过,40,推荐,2023-02-17 21:57:48,陕西,3,张译的演技，在《狂飙》里，还真是尽力了。（笑）
隔壁老王,看过,50,力荐,2023-02-02 15:13:17,四川,129,要是没有广电总局就完美了。
ONE,看过,40,推荐,2023-02-15 16:43:20,广东,59,高启强坏得很热诚，安欣好得很抽象
眠去,看过,40,推荐,2023-01-27 23:45:10,上海,63,张颂文太性感。反派全部5星，其余3星。
寂静之城,看过,50,力荐,2023-01-22 21:53:10,江苏,122,一个理想主义者的殉道人生，一个卑微小人物的狂飙之路，当你企图用一个谎言去隐瞒的时候，随即而来的是用一百个谎言去圆。好的电视剧会引发观众深刻的思考，好的人物刻画会引发观众情感的共鸣。
赵启辰,看过,50,力荐,2023-02-04 17:43:59,广东,33,不是被改了结局，而是被改了这个故事的落点，现在的落点是扫黑，原先的落点是权利斗争，而黑社会是砝码。无论如何，为创作者的勇气和追求点赞！
柳无码🌈,看过,50,力荐,2023-01-21 08:50:18,北京,96,高启强的黑化历程好真实啊，终于不是那种受到一场大打击闷坐一夜第二天性情大变的了；安欣、徐江 疯骆驼的戏都很带劲儿，张译演的真好呀，又有性格又自然，又丰富：张颂文演的也好呀，对人物的理解很厉害，这俩人的人物都没有那种仿着模式来的影子。
我也叫momo,看过,50,力荐,2023-01-27 20:57:16,山西,142,徐江这个演员演的太好了。看到27集！我为李响哭泣，他真的好好！还有张颂文演技绝了，高启盛把疯批演到了极致！老默把冷漠无情的杀手爱女儿的爸爸感恩的普通人演的毫无违和感！我们从来不缺好的演员，感谢狂飙让我们看到他们！
崇子,看过,40,推荐,2023-02-01 22:59:27,上海,70,因为一路看着老高做大做强，在判刑的时候，很不舍。后半段甚至一度希望他能顺利脱身。这告诉我们什么？这告诉我们写角色的时候，就是要有成长，有变化。像安欣这种一成不变的角色，我对他就毫无感情…
JulyChan,看过,50,力荐,2023-01-31 13:38:43,湖北,42,在我们这个高唱孤勇者的国度，我们的主人公只能是一颗流泪流血而生锈的螺丝钉，动不了大机器，苦守寒窑必须得熬，熬得一夜白头，熬成窦娥熬成孤勇者熬成天煞孤星，把自己献祭了才能开外挂沉冤昭雪。戏犹如此。
nkjjnhg,看过,40,推荐,2023-02-01 21:34:22,福建,92,26集之后，坏人集体失了智，就这样结局了，索然无味
伊夏🪀,看过,40,推荐,2023-02-01 20:20:59,江苏,44,四星给除去上价值部分的剧本和几乎全体演员的演技。这些人值得更广阔的天地。配不上他们的正是此地。
夜深歌,看过,50,力荐,2023-02-02 12:10:12,浙江,92,很喜欢一个评论，前二十六集是现实，后十三集也是现实。
吕绝,看过,40,推荐,2023-01-15 21:44:06,山西,97,麻木是不好，但你，需要它。Ps:目测要烂尾了。（但凡少删几集，也是五星作品。）
拿坡里黄,看过,50,力荐,2023-02-03 21:20:48,浙江,61,有些人在评论里讲三观是不是有病，凭什么人家可以拍绝命毒师，我们不能拍绝命渔夫啊，那个莫名其妙的正义感省一省，用到现实生活中去行不行？
谢飞导演,看过,40,推荐,2023-02-08 11:42:57,北京,43,写剧评就打不上分，补上。
Sebastiane,看过,40,推荐,2023-02-04 01:38:50,河北,56,如果电视剧在阿盛跳楼那集结束，我愿意给满分
王食欲,看过,40,推荐,2023-01-28 13:37:21,北京,40,我家一直富裕不起来，可能是因为没买过等离子电视。
梦到纪梵希,看过,50,力荐,2023-01-30 03:50:29,加拿大,153,张颂文，下次视帝是你了
半青,看过,50,力荐,2023-01-15 14:15:45,辽宁,149,我爱死张译了！！警匪剧确实是最容易拍得好看的剧。目前为止每个灰色地带都涉及到了，卖点也踩中了，也都在主旋律叙事里圆回来了，甚至还拍出了命运感。张译的角色太有意味了，一个刚正不阿的“关系户”，作为黑暗官权力的补足，尺度限制明确，黑发白发的形象对比把故事悬念做足了，期待后续发展。另：剧里一带而过的工厂大院是惊喜。哈，小组开始争北方还是南方了……
momo,看过,50,力荐,2023-01-18 21:05:50,湖北,173,坏人不是一开始就是坏人，有可能最初是个纯粹的好人、老实人
笨鸟几多,看过,50,力荐,2023-02-11 15:46:10,北京,50,如果我是高启兰 我也会在大年三十夜那晚喜欢上这个善良正直的可爱警察安欣；如果我是小五 我也会在黑暗与光明并存的刑警工作中喜欢上正义执着倔强不屈的安欣。这不是杰克苏玛丽苏，而是人都向往光一样的人事物，它可遇不可求。在今后的二十年中也许没有刻意等待，但还是无法遇到心动的人 觉得都没有他好，没有他的那种温暖坚定的力量。 安欣不光是有安孟保护，他的善也给他积下了护身符，如果不是广结善缘 温柔待人友善助人的话 他也许早挂了，高启强老默陈书婷疯驴子再十恶不赦 也是念着他的好的，人格魅力这种东西不论是好人坏人都感受得到。另外我更喜欢00和06的时间线故事，21年线有点赶，很多情节和人物一点而过，该饱满的没饱满，无聊的指导组细节倒很多，奉劝以后的剧方减少伟光正说教，剧情画面永远比爱D爱人民这些空洞台词强太多
该出院了,看过,40,推荐,2023-02-26 02:07:18,河南,33,能看出来中国的文艺工作者们在戴着镣铐起舞
番可爷,看过,40,推荐,2023-02-06 13:25:52,广东,43,故事情节够刺激，演员演技都很强，唯一不满意的是，专案组到了，全京海的人都对不上口型……
阿拉庚,看过,50,力荐,2023-01-25 00:56:39,黑龙江,122,太牛了，感觉是应该成为演员必看教科书的程度。。深切感受到啥叫全员演技
YOLO,看过,40,推荐,2023-02-11 14:56:19,湖南,45,高启盛死后的剧情急转直下，前面26集能打9分，是因为黑白两道的精彩博弈，人性的挣扎，但后面13集就只有7分了，陈书婷突然死亡，杨建强行黑化，省厅领导乖乖等被抓，一切都很程序化，没有看到精彩的博弈，太可惜了。8.2
EE,看过,50,力荐,2023-01-31 20:49:32,上海,68,"2021年的剧情显然经过了大量被动的后期删改，十分可惜。但删改后依然掩不住剧本细节上的功夫。地基打好了，人物自洽了，哪怕后期叙事粗糙一点、有断层、有注水，也不影响观众代入，就像《父母爱情》一样。最遗憾的是孟德海从黑改成白了，网传他本来是和赵立冬互撕的两个党派，多么极致的人物关系！孟家故事线的删减极大地削弱了安欣的人物层次。不过，本剧上映能呈现出如此的完成度已是难得，毕竟39集的体量在这，和短剧不是一个难度级。最后, anyway这剧没强哥不好使！！！！（还差两集大结局没播，我先打分，严格一点只能给4星，看在它缓解了春节家庭矛盾的份上+1 哈哈哈哈）"
迷特波鲁,看过,40,推荐,2023-02-02 09:18:02,日本,52,这结尾也太对不起过程了吧...达康书记一家的戏份也该扣分！
春風街33號,看过,50,力荐,2023-01-29 00:00:50,辽宁,99,张颂文老师终于终于被更多人看到了，为他开心
Lincoln,看过,40,推荐,2023-02-03 20:59:26,浙江,43,前26集神剧，可惜后面烂尾了
haipingxian,看过,50,力荐,2023-02-11 14:25:33,北京,51,安欣的执着不知从何而来，但是强哥的堕落是有理有据
豆子大人,看过,50,力荐,2023-01-29 04:21:13,内蒙古,101,张译清瘦的身型，纯净的眼神非常加分，有人诟病他的口音，我恰恰认为口音是很有必要的，方言自带的幽默亲近，中和了角色本身的刚正不阿，这种毫无道德瑕疵的一号角色如果字正腔圆就会非常像样板戏了。只有他有一点点口音，我们才能相信他可能出现在真实生活中。这部剧的优点非常非常多，选角演技这些就不说了，道具美术也很有亮点，喧闹的菜市场是搭出来的，终于有一部剧不是哪里都是干干净净的了，吃面的地方有人味了。利用画面和表演节奏制造的小笑点也非常棒。这是我对1-26集的评价。
盛京小太阳,看过,50,力荐,2023-02-21 17:30:42,辽宁,42,我觉得狂飙最出彩之处在于全剧的所有角色没有脸谱化，没有不合理的设定，没有互相冲突的人设。所有人的行为，都绕不开无奈二字。即使伟光正的安欣，他也不得不放弃孟钰，放弃刑警队，在后方吊儿郎当的孤独十五年。其实带入到现实生活里，这种人是极其孤独的，真性情时被家人和同事排挤，虚假的伪装下是对自己的延误。高启强的二十年可以说是风风火火，从鱼摊贩子成为政商两界通吃，保护伞无数的一方主宰，他能成事是因为他软弱的内心里潜藏着欲望和凶狠，他最终败亡也是因为他的狠辣和果决里一直有着家人这一点柔软。前二十六集看完，觉得有牵挂的人当不了警察，后十三集看完，发现有牵挂的人也当不了黑帮大佬。但是无牵无挂的人生颇为无趣，不是吗？
弘毅,看过,40,推荐,2023-01-27 20:41:24,山东,73,安欣在现实生活中是不存在的
范小饭。,看过,50,力荐,2023-01-28 19:17:31,福建,70,我tm！！这才是！！不！看！不！是！中！国！人！虽然我才看到第13集！230201今天完结。多少年没追剧了，这几天下班就飙回家开电脑。从网上铺天盖地扒唇语还原剧情就能看出这部剧在老百姓心中的地位了。
momo,看过,40,推荐,2023-02-12 10:43:47,上海,54,张译做作的口音听了想冲进屏幕打他。
teemo莫,看过,50,力荐,2023-02-02 00:27:47,北京,61,作为创作者，看到这部神剧是自断双臂呈到台前，想必导演的痛楚不亚于失去父亲的黄瑶吧。
安鱼,看过,50,力荐,2023-01-27 20:50:35,贵州,92,以前看电视，都是吐槽编剧能不能别把观众当傻子？现在看这个剧，感觉自己一辈子都写不出这种剧本😭😭😭（好了 后半段把观众当傻子了 给广电打负分！
赫恩曼尼,看过,50,力荐,2023-02-12 10:35:28,北京,31,看完莫名压抑。如果一个社会的公平正义，最终只能靠极少数人拥有无可置疑的美德、牺牲他们个人的幸福、靠集中组织动员的一次次行动来获得，那么这个社会的大部分人会很难相信美德可以带来幸福，他们会转而成为机会主义者，只想取得即时的满足；求而不得的人则会成为虚无主义者，直接躺平。PS：后几集都在看口型猜台词，可惜了演员们那么精湛的表演。
布小梵,看过,40,推荐,2023-02-07 20:44:52,甘肃,39,众所周知，这部剧一共26集！分兩季，第一季1-13集，9分。第二季，14-26，7分。
平山冷燕,看过,40,推荐,2023-02-01 22:25:13,江苏,55,老中剧为审核萎掉的一生
康斯坦丁1900,看过,50,力荐,2023-01-29 23:35:05,陕西,74,12集直接封神，以后再有人说我们没有好编剧，我直接去打他。事实还是说明，就是题材和尺度的问题。只要让创作，我们不比谁差。甚至是我近年来国内外看过的最好的电视剧了。
豆瓣铁粉,看过,40,推荐,2023-02-04 15:05:38,福建,41,被迫性高开低走。吴刚父子，一个气泡音，一个公鸭嗓，也没不妥，就是觉得挺好玩，如果是故意凹的，大可不必。但是港口+茅台+报到，那段戏真的太尬了。
超行星,看过,40,推荐,2023-02-07 06:20:45,广东,51,全局最难忘的是那个工地老头和他的傻儿子，真惨。
pht,看过,50,力荐,2023-01-27 14:00:58,安徽,84,给张译，李一桐打的。这部剧的成功，就是他们这些不出彩的人设但却有出彩的演绎。当然出彩的人设（反派们）也演绎很好，但是张译，李一桐没有被任何人夸一下，我很心痛
生活小丑,看过,40,推荐,2023-01-31 00:30:55,江西,55,这剧从安欣当交警开始结束就可以了，越往后越拉夸啊🙀
纳希素素,看过,40,推荐,2023-01-29 10:53:41,四川,67,28集之后就慢慢的不好看了，果然一政治正确就烂尾，政治正确的剧情都是二倍速快进的。。。28前5星，28后3星，平均4星
陈树听,看过,50,力荐,2023-01-31 11:24:03,江苏,78,近期国产剧中难得见到的反派形象立体的剧，优秀扫黑反腐剧就是要深究黑势力形成的底层原因，没有人生来就是坏人，没有官员刚工作时就想着要腐败，揭露黑化和被诱惑腐蚀的过程才能坚定思想立场避免在过程中被诱惑
再来一瓶！,看过,40,推荐,2023-02-12 01:40:16,重庆,36,前26集才是现实，最后两集感觉是吃了九转大肠。
Doublebitch,看过,50,力荐,2023-01-28 19:31:05,北京,47,人无完人 戏无完戏 但张颂文老师的表演值得起一切褒奖
命中带硕23上岸,看过,50,力荐,2023-01-24 14:46:38,山东,81,不到一天的时间追平了21集。看戏骨飙戏不用捧着新生代流量的感觉真好，把反面人物也用心当作正面人物来塑造的感觉真好，把尺度放开给予创作充分空间的感觉真好。总感觉现在国产的电视剧和电影审查标准不一致，不用上价值煽情，观众也不用花钱花时间被教育，甩主旋律电影几条街。
你以为你谁啊,看过,40,推荐,2023-02-09 13:43:28,江西,36,后面十几集改的完全辜负了前半部的惊艳，还不如分两部了，这样第一部绝对可以超9分，第二部就爱咋咋滴吧😅，总之，太可惜了，努力搞了一出好戏，最后却变成这样。
匿名,看过,50,力荐,2023-01-18 22:52:19,浙江,114,近十年国内最好的扫黑题材剧，反派人物不再脸谱化真是一大进步
周大大大福,看过,50,力荐,2023-01-30 00:04:35,辽宁,52,比人民的名义更加真实 人物形象更加立体 也让我们感受到了希望
之,看过,40,推荐,2023-02-05 21:04:50,重庆,30,高开低走，2021这条线，自指导组来后，反派们全员智商下线，集体变蠢。且明白一个道理，孟能保持廉洁、安能保平安，不过是因为有人保，更多的，其实是李、谭或者曹、张之流，多么讽刺。
Derridager,看过,40,推荐,2023-02-02 02:18:54,美国,27,27集之前蛮好的。但越临近“现在”越发语焉不详或者直接人物行动和言语两张皮，这不就是“被统治的艺术”吗？
落蝉,看过,50,力荐,2023-01-18 21:53:24,内蒙古,67,响，我们要想一想
暴走鲸鱼,看过,40,推荐,2023-02-13 22:20:26,河南,46,最同情的是李山李青父子。。。因为他们是最底层的贱民，命都都不是自己的。
nagoyacrow,看过,50,力荐,2023-02-02 01:55:06,江苏,50,前二十六集封神五星，后十三集主旋律宣传教育片零分
津五渡,看过,40,推荐,2023-02-02 23:11:51,辽宁,31,口型对不上严重影响观感，即便这样也挺黑暗的，改来改去充满傲慢，现实更黑暗。张颂文的高启强出彩，张译之前的表演我就不喜欢，这里就更不讨喜了，所有这类理想化的角色都很难塑造，因为现实什么样大家都知道。贾冰很出乎意料，有意思，有他的戏份很精彩。利益相关就有保护伞，剧中副市长级别的赵立冬就差不多是只手遮天的存在了，市里还有省里的保护伞，省里的保护伞又是哪呢，归根结底还是没有监督，有了制度监督，扫黑才能常态化，但这是理想，理想是要死的。
燧功山人,看过,50,力荐,2023-01-30 16:16:41,重庆,60,在当下的环境里，能够做出如此生猛的警匪片，简直是一个制作奇迹。而且编导演三个部门对电视剧叙事艺术和独特节奏都有高度的掌控力，难得啊。
王小诗,看过,40,推荐,2023-02-05 11:28:16,湖北,34,分成两季就好了，起码可以保住26集以前第一季的9.1分神剧地位。后面就可以不必让“坏人”草率的低能下线。
投票点错了,看过,50,力荐,2023-01-20 15:07:59,福建,103,好！连龙套都非常在线
喵了个哈欠,看过,40,推荐,2023-02-04 08:51:31,广东,37,一星扣了后几集的改台词，勇于面对人性吧，相信国民的判断力吧广电！
靳以斯,看过,40,推荐,2023-02-02 01:31:52,浙江,35,前26集非常好看，国产剧只要稍微展示一点官场+权斗，分分钟秒杀日韩剧，不愧是有几千年权斗历史的国家。明暗交接，虚实更替，暗流涌动，非简中人士是无法领悟其谈话之奥妙，行为之深度的。然而，就像每一个无疾而终的新闻，它的结尾也没带来多大的惊喜。一切都在可掌控的大手之内，逃不出如来佛的那座五指山，井的深度是用刻度尺丈量。就像每一次的教育与歌颂，这是在政法委教育下精打细算的宣传剧。本剧获得浙江的专项文艺基金，浙江省委宣传部协助拍摄，拍摄地点选在广东，城市名称架空为“京海”，在南方的春节吃北方的习俗饺子。真真假假，杂糅一处，假作真时真亦假，真作假时假亦真。26集结尾，安欣站在道路中间，指挥交通，掩面痛哭的那一刻，现实就落幕了…
StephaKiddy,看过,40,推荐,2023-02-15 09:55:12,湖北,29,前面牛逼，后面拍的不知道是啥。。。
歪瑞古德,看过,50,力荐,2023-01-25 23:24:18,山西,71,愿每一个理想主义者最终实现理想。
锦枝,看过,50,力荐,2023-01-31 11:18:46,广东,50,看得好爽，什么叫全家沉浸式看剧啊，好久没有这种一起讨论剧情的热烈气氛了，情节紧凑，演技在线，尤其主角真的很绝。
燕人张飞,看过,40,推荐,2023-01-15 22:46:07,广东,100,第一集的节奏和台词过于无聊，但是切回2000年的戏份很精彩，张颂文简直演出了立体多层次的跛豪感，这条线很期待，甚至单拿出来拍部剧都行
耳东某,看过,40,推荐,2023-02-18 22:09:43,北京,24,删改的主旨就是“允许你说过去不好，但现在必须得好”，不知道这是一种进步，还是一种滑坡。审查对不起剧本和表演，也对不起文化自信和制度自信。
翻滚吧！蛋堡,看过,40,推荐,2023-02-01 21:51:22,北京,32,26集真的是分水岭，为了审查强行洗白孟德海导致很多人物动机莫名，调查组入驻后也基本把安欣打成工具人，还好张颂文演技把整部剧算是兜住了。
Fleurs.哼哼,看过,40,推荐,2023-01-30 19:15:56,广西,29,“城”外的人看，笑笑，苦笑。“城”内的人看，笑笑，冷笑。“墙”下的人看，拍手，额手相庆。“墙”上的人看，摊手，弹冠相庆。我们的实际是剧中的人投射到现实的太多，而现实中的安欣太少，甚至廖廖。
necsa,看过,50,力荐,2023-01-23 16:49:56,四川,89,2000~2006年这条线是真的很久没有过的高质量扫黑政治剧，看张颂文的发家史都值满分
king-fan,看过,40,推荐,2023-02-02 23:04:48,上海,38,不是后面10集，肯定给五星……
Hot^SR,看过,40,推荐,2023-02-03 21:26:43,北京,38,看这部剧的感觉犹如读《红楼梦》，前2/3值9分，后1/3只有5分，甚至怀疑中途换编剧。现在人们连社会新闻都不会给坏人任何卖惨的机会，编剧竟然还要帮高启强犯罪找一大堆理由，突出的永远是他的被迫他的不主动，却从来不分析他变坏的内在原因是他的自卑和虚荣。前期精彩是因为情节特别，有当年港片的风范，故事讲得有趣，想必编剧也是很喜欢看黑老大的故事，然而后面的车祸、熊猫血等等狗血剧情暴露了编剧的平庸。建议把26集当做大结局。
AugustW,看过,50,力荐,2023-02-12 18:15:40,四川,35,国剧怎么办啊……为了过审毁了好片
刘大壮,看过,50,力荐,2023-01-28 12:36:23,广东,48,除了几乎每一位演员都演技在线外，最令我感动的还是说，没有什么绝对的黑白善恶，人踏进利益权力的湍流，每一个选择都是当下的最优解，但每一个选择都不一定黑白分明；靠山，山倒了也可能压死人，山不倒也可能压死人。
三放,看过,40,推荐,2023-02-04 23:24:04,四川,29,最后几集口型对不上真的太尬了，又扫黑又不让播，删掉一些本该更精彩的部分，可惜了，扣一分。五星的话都想给张颂文！
旧情,看过,50,力荐,2023-02-03 20:22:19,江苏,40,前26集封神了
雪中来客,看过,50,力荐,2023-01-19 15:38:49,浙江,72,不枉费我等了两年，目前看到11集都不错，节奏快，剧情紧凑，台词基本都是有效台词，而且写得有内涵，目前没有看到废戏，线索很多铺开来，目前回收的一些回收都还不错，本子还是很扎实的。看条子江宁婆婆也追得挺开心，他提到剧中监控截图放大也是模糊的这点太真实了，感动，很多剧会放大变高清，不现实。这剧尺度蛮大，深度也有，11集这第一把伞一出，直呼“堂下何人状告层”，绝，这伞转头冠冕堂皇的操作让同事孤立安欣，这招真是很写实。张译这次终于可以和演技派对戏，张颂文老师的戏太好了，这部配角在其他剧都经常主角，各个实力派，电影级别的演技，许多地方没有台词，张颂文通过表演，微表情传达出各种情绪，真的电影级。最近追狂飙三体真是废寝忘食，开年好剧。/看完全剧，真的不错，尾也收好了，结尾台词也现实。希望现实多一点安欣。
Roniima,看过,40,推荐,2023-02-05 23:27:37,浙江,23,“安欣追求的是理想，李响追求的是安心”有被这条高赞短评戳到。
DustAndRust,看过,40,推荐,2023-02-09 11:28:37,浙江,24,字正腔圆的画外音让人崩溃，后期人物逻辑链的割裂也令人不解，理解主创团队的迫不得已，还是感谢前半段贡献出了一个立体的反叛人物。
郑兆旭,看过,50,力荐,2023-02-01 22:59:28,天津,36,看判决保护伞比看判决高启强更解恨。
不是微风,看过,40,推荐,2023-01-27 02:00:36,陕西,65,春节档天天在家飙…张颂文太有戏了！张译这普通话咋这么烫嘴，不太喜欢这个说话方式，而且感觉译哥现在演戏有点模式化，都是自己的感觉。
麻绳,看过,40,推荐,2023-02-01 22:06:14,北京,24,主要看点在2000和2006两个时间段，基本上是一个黑道大佬的养成故事，既有遇佛杀佛的爽感，又有挖掘人性的深度。在近些年内地的影视作品中很难得见到像高启强这么丰满的犯罪分子形象。到了收网的2021年段落，就单薄无趣多了，就是在宣讲政策和完成任务，人物也有点降智，结尾也比较仓促。即使有大量的肉眼可见的重新配音段落，尺度也还是令人惊喜的。
郭方方,看过,50,力荐,2023-02-05 21:44:27,广东,30,第26集太好了，一边高启盛为哥哥死了、陈书婷离开、高启强彻底投靠赵立冬、成为市政府扶持的企业家；另一边李响和谭思言死了、安欣为保护而放弃孟钰、被调职成为交警痛哭出声。赵立冬隐于幕后将所有人玩弄在股掌之间，像李响的日记所说，京海的怪兽只是亮一亮牙齿，就把我们撕得粉碎……相比之下27集以后，扫黑打伞的行动特别简单顺利，前面暗无天日的铺垫好像一下子成了纸老虎。但听一朋友评论，只要下定决心整顿就很简单，又觉得这种解读呈现也未尝不好。作恶多端失道寡助的恶人，碰上真正敢踢铁板的，就是会树倒猢狲散。另外记录一下剧里我喜欢的几个片段：高启强拿了两万块在天台上流泪，李响蹲下捡电话卡，高启盛赴死，黄瑶变脸，以及安欣警官天使的几个情节。
（*^_^*）,看过,40,推荐,2023-02-03 01:35:58,广东,39,我卑微又肮脏，古龙水都遮不住我灵魂散发的鱼腥味，所以我迫切又卑劣的想，安欣，你要是也堕落多好，可我又怕你堕落，光不该陨落，我试探又试探，还好你还是你，还好我能给你的警衔加上一笔。
林村河畔,看过,50,力荐,2023-02-12 22:56:45,广东,35,第26集的处理，堪称内地电视剧史上最值得看的一集。情绪刺激太集中了，出乎意料，应接不暇。
王喝冰,看过,40,推荐,2023-02-12 22:20:42,天津,17,21线简直是灾难，剧本的弱化和客观的删改都太影响观感以至令人出戏。前26集真的是近乎完美可以封神的级别的，太遗憾了，无论如何，这依旧是一部好剧，因为在追完这部剧之后，它让我感到空虚了。
阿冇,看过,50,力荐,2023-01-22 20:50:54,北京,81,这是什么神级编剧啊！大小演员主角配角没一个划水的，反而张译倒弱下来了，高启强得个视帝不过分吧！谁比得上啊！
KILLAZ94,看过,40,推荐,2023-02-02 15:01:01,新疆,26,我觉得前半段高启强的发家历程是最好看的部分，到了2021年，主要角色步入中年，扫黑专案组入驻京海后就变得刻板了起来；结局删改痕迹太多，有些仓促，显得虎头蛇尾；剧情和设定存在前后不统一的现象，还有之前铺垫了那么多的线索，在后面就提了一下；台词修改了太多，演员嘴型对不上，看得有些出戏；反派普遍比正派角色演得好，尤其是张颂文老师演的高启强，人物弧光完整，细节刻画得淋漓至尽，每个阶段的气场都非常贴合这个角色的状态。我觉得现在的分数是比较合理的，之前9.1分真的过誉了，这部剧缺点也很明显，没有那么神，总体来说和扫黑风暴很像，甚至有些情节都差不多，但这部剧更加深入探讨了一个好人是如何被一步步逼成一个大恶人的，黑老大的发家史也更有故事性，而不是一味地塑造正面角色，最后沦为扁平刻板，这就是它的高明之处。
有头脑不高兴,看过,40,推荐,2023-02-04 02:41:13,北京,26,后半部直接变成译制片了可还行……
巴喆,看过,40,推荐,2023-02-02 00:16:47,福建,30,前27集这么拍绝对冲神剧标准，妥妥的就是绝命毒师+毒枭。大篇幅笔墨都在塑造高启强集团的形成，说是惩黑除恶，更像是大佬黑化传记，而且居然有其令人迷惑的某种魅力气场，也因之这剧才更牛逼。本剧最佳狂飙，可以说张颂文为此加分不少。大量的刑侦与反侦察细节，大段落的犯罪心理与人物斗智斗勇角逐戏，几个重要角色血肉丰满令人印象深刻，节奏紧凑剧情跌宕而且细节堆满，让人根本停不下来。最后几集跟看科幻片似的，删减修改、演员台词嘴型对不上太明显了（5又改4星）。那些显而易见的弘扬基调隐而不退，不外乎某种更为隐秘而精致的修饰，现实就是你我，现实远比这更精彩，也只能是在命题作文内的表达，深层次的原因（不是等一个青天大老爷）也不会进一步揭示，此不外乎意识形态的引导与操控。删减、修饰、篡改、掩盖、引导，这盛世如愿。
高调的沉默,看过,40,推荐,2023-02-11 00:49:03,河北,27,主旋律电影，制裁这些黑恶势力和保护伞还是要看上级愿不愿意查，愿不愿意管，必须要是上级，基层想诉个怨，做梦吧！
咪啦咪炸炸🌈,看过,50,力荐,2023-01-24 00:38:21,江苏,71,这高启强 是个女人都想嫁了
盐汽水,看过,40,推荐,2023-02-02 11:27:12,上海,13,结尾仓促的光明是意料之中。但回头一想，热度虽高，还是巧妙地避开了真正的痛点。公检法与社会大佬之间的法制屏障是缺席的，自然很容易勾结，现在整体聚焦在人性上，戏是精彩的，完成度也高，可拿这个主题来探讨人性，其实是避重就轻了。如果在一种社会结构下，这么多人都会走上这条路，那就不是人性的问题了。
斑鹿🦌,看过,50,力荐,2023-02-08 22:08:46,天津,38,高启强是真的很爱书婷啊……安欣追求理想，李响只求安心……太戳了…………
亓亓家的猫捡球,看过,50,力荐,2023-02-01 23:36:32,河南,29,不可否认，把孟德海洗白，2021年时间线口型频频对不上，后期有些内容没有完全解释清楚……这些都是我对这部剧的遗憾，有人猜是官场派系对立不能拍出来，有人猜是官员黑的太多会影响人民群众对政府的信任，可惜但好像也无可奈何。这剧做到了让我记住了每一个配角，每个人物都生动又立体，这些老戏骨飙戏让我也切身感受到了人物的喜怒哀乐，在我心里它值得五星！
kinder23,看过,40,推荐,2023-02-01 21:15:04,中国香港,28,这剧停留在26集得多好啊，现实却非得是2021年这么正经得不堪入目，硬生生且匆匆忙忙地都要给所有犯罪者一个“该有的”结局，它只是一部电视剧而已，这些可怕的“正确”是多么讽刺。熟读《孙子兵法》的高启强没有怀疑过身边的黄瑶要反水，却非得至晓晨于死地，这是强行降智才能把高启强绳之以法…我心目中的结局，让黄瑶拿到证据、引出过山峰、自己跳楼，都应该是高启强的脱身局，如“老白”一样结束，这剧才真正神了！只可惜…
TerryChen,看过,50,力荐,2023-02-14 19:58:20,北京,38,本剧被抬上神坛有些着急了，最后三集仓促得近乎烂尾，兵法强遭白眼狼反杀堪称降智。或许是删掉限制级内容，情节衔接比较跳。缺乏精彩场面武戏，全片有三分之一的文戏嘴型对不上很费解。孟德海开口必先转身，好警察不是死就是单一辈子的老套设定，客观质量难飙上9分。并非满分作文，但角色演绎得层次很丰富，证实了没有小鲜肉流量完全够。十分推荐口嚼咖啡，用等离子电视进行观影。
吴白五,看过,40,推荐,2023-02-07 13:24:38,吉林,28,徐江这个老大实在是又莽又傻又好笑，录音笔还没拿到，就敢把黄翠翠杀了，前脚跟人握手言和，后脚就把人直接埋了，遇上高启强高启盛被耍的团团转，烟灰缸砸脑袋电话信号差不说，还莫名其妙背上放火烧店的罪名，他那电鱼身亡爱喝ad钙奶的冤种儿子真的是随根了。
Shotsordsoo,看过,40,推荐,2023-02-02 00:50:01,安徽,23,总的来说算烂尾，可以看出编剧试图跳脱出“解决权力问题的只能是更大的权力”这个颇具讽刺意义的国内反黑反腐剧套路，但不知是如同传说的那样还有一个2018时间线，黄瑶的转变和高启强对小白莫名其妙的恨完全说不通，就好像是为了让剧情强行在最后两集结尾所以突然变出来一个麦考酚一样。
伤心茶叶蛋,看过,40,推荐,2023-02-01 20:57:53,湖南,28,30集重点讲指导组进场之后剧情就开始潦草了，20年建立的地下帝国仿佛一夜之间就被正义的力量瓦解了，稍微有点可惜。前面真的很好看，一个有血有肉的反派，一个有情有义有坚守的正方，相遇、分道扬镳，最后走上截然不同的道路，一切都被写在不可更改的命运里。我知道即使回到二十年前的除夕夜你还是会给我饺子，就像你知道也许再活一次我还是会向欲望投降走向那条不能回头的歧路。“身后有余忘缩手，眼前无路想回头”。
喜儿喂鸭正经地,看过,40,推荐,2023-02-04 05:11:03,意大利,19,26集以后的剧情拍得稀烂，要是能拍成美剧模式，起码第二季再抓张颂文多好啊！！！卖鱼佬发家史太好看了！！！
笑聪,看过,40,推荐,2023-02-04 21:50:25,浙江,17,关于这部剧所有的遗憾都来自于——大家都懂的。
小江湖骗子林羽竹,看过,40,推荐,2023-01-18 21:56:14,四川,56,陪爸妈看的。不算烂尾，只是收尾比较仓促，不完美。虽然说是国产正剧顶级演员配置，但其实基本还是靠张颂文一个人撑起来，比较难得在主旋律国剧里出现这样一个复杂的反派，这个人物能屈能伸，有贪婪和罪恶也有身不由己，有狂妄狠毒也有疲惫和恐惧，还有市井气，他完成得极好，也很适合他。三线叙事群像戏在目前来讲都是不错尝试。缺点是节奏太慢了，李一桐以及很多插科打诨的戏都没有必要，整部戏的气质太温吞，不够冷硬，既不狂也不飙。感觉这部张译有点拖后腿，口音实在太奇怪。其实预感到会虎头蛇尾，毕竟2020年故事线因为众所周知的原因还是放得不太开（跟孟德海部分的修改无关），而且徐江篇和莽村篇确实太精彩。如果关于强盛集团能讲点儿大伙耳熟能详的地产、金融、足球、影视这些故事，我会给五星，没有1-2集高潮性的庭审戏是最大遗憾！
milandeyy,看过,50,力荐,2023-01-16 19:28:40,广东,65,现代版教父成长记——————————大结局之后：说好的惨胜呢？跌破9可别说我没提醒你！我以为的惨胜：在天台安欣和高启强干掉那个人之后搏斗一番，双双坠楼，黄瑶拿出账本，其他人按部就班进去该毙毙该关关。我猜啊！是因为这俩演员不会打架！参见隔壁秋雅打战狼，可能打不出效果还不如不打。
万俟,看过,50,力荐,2023-02-12 13:52:19,安徽,23,我的李响小天使，从楼上摔下来的时候我好难过啊，穷山恶水的地方长出来的一颗青松剧里人物还挺复杂的，很讨厌李丰田那副嘴脸，但是吧，对村里来说，他是一位好村长，是以村里的集体利益为重，并没有谋私
河狸,看过,40,推荐,2023-01-16 01:30:46,辽宁,37,看张译和张颂文还有一干老戏骨飙戏实在太过瘾了。
周东初,看过,40,推荐,2023-01-14 21:56:08,河南,80,追了五集感觉不错，虽然是二倍速，张颂文第五集的黑化线太帅了，不过感觉张译的那条爱情线挺废的
Maheśvara,看过,40,推荐,2023-01-22 23:00:26,吉林,49,张译在这个剧里，前期表演痕迹太重了，不够自然，后期好些，整部剧安欣像个推进剧情的工具人…今天看到大结局了，后面剧情乱飙了三四集，本来想给4星半的，现在给4星吧，尺度比较大，希望以后多一些这样敢拍的剧。
曾柬,看过,50,力荐,2023-02-01 01:14:45,江西,18,人们热衷于反面角色，因为他们的贪婪、笑里藏刀是真实的，正面人物道貌岸然的正义脸，恰恰是虚伪尴尬到不切实际。这到底反映了现实的糟糕，还是人性的崩塌？完全不值得思考。
召。。。,看过,50,力荐,2023-01-30 16:58:21,北京,49,30多集了，目前还没有发现拉跨的人物。
樱桃肉丸子,看过,50,力荐,2023-02-01 23:38:12,四川,20,飙完了，我也电子失恋了。就吴刚一家子莫名其妙的戏份真特么无语，改台词和删减也让人好难受，但也要五星感谢其他所有棒棒的演员们！
小烨,看过,50,力荐,2023-01-30 14:52:35,北京,30,读孙子兵法，品启强人生。哈哈哈。
MothErfuCker-,看过,40,推荐,2023-01-31 17:44:35,内蒙古,37,高启强发家史建议再单出一部剧
我想吃螃蟹,看过,40,推荐,2023-02-01 22:22:49,上海,17,就这么看完了，很久没追国产剧了，结局结束的太潦草，这脚镣是自己戴上的吗？
林探惜,看过,50,力荐,2023-02-08 00:49:00,美国,19,1.前26集跳过吴刚老师放心食用，最后13集当淮秀帮看，参考原著了解原本剧情。2.吃肠粉、渔村环绕的京海明显是深圳，不过是一个加了港风滤镜的浪漫化深圳。3.当天往返的省会显然是广州，所以高启盛是华南理工的，小兰难道是广中医……4.陈书婷和高启兰真是姬圈天菜！5.温情大哥、反社会弟弟、风情嫂子、纯良妹妹、跋扈少爷、心机养女、忠心耿耿的马仔（为我虎叔一哭）……这么有意思的故事和人设，让人想写的不是剧评，而是同人（想写黄瑶视角！）
一灯续日月,看过,40,推荐,2023-02-01 21:32:19,山西,25,真是崩的一塌糊涂，最后都什么垃圾剧情，吴刚码头尬出天际，一家三口齐齐整整，结尾更是离谱，逗小孩呢。这么小的尺度就别拍扫黑片了，搞的黑社会像正规军，扫黑的在过家家。这么一想也挺现实的。
machine,看过,30,还行,2023-01-15 13:57:43,山东,21005,张译能不能别带些乱七八糟的口音，模仿的也不像，很奇怪。正常说普通话不好么……
天气不太好,看过,30,还行,2023-01-15 12:25:28,广东,4496,张颂文那个搭二郎腿明显是认真观察过生活中各种人物习惯的，洗手啊一些小细节都特别有代入感，张译最近演啥都一个样子，咋说，最不出戏的只有演坏蛋那几个了，其它人表演痕迹好重啊
倪妮老婆,看过,30,还行,2023-01-31 21:20:54,北京,2163,众所周知，狂飙只有26集🥲
Hunterchou,看过,30,还行,2023-01-20 22:39:30,浙江,1055,2000+2006时间线可以打4-5星，最后2021部分下头，魔改台词对不上嘴最多3星。刻画反派比正派的画面多得多，前面20多集直接可以叫《启强传》，最后几集熊孩子真的下分，总体只有8分不到的样子，但是豆瓣没有7分选项。
旺財是寶貝,看过,30,还行,2023-01-30 21:05:53,广东,825,这后面拍的是个啥啊……
saga,看过,30,还行,2023-01-17 23:39:19,北京,1106,张颂文比张译好，特别是不说话的处理振的住。越看到后面张译选错了，败笔，好好的剧本和角色他给演散花了…人物设定和发展，故事交织不错，但台词太烂，导演的场景处理也不高甚至不及格，正面人物比纸片人还单薄立不起来，搞笑很贱！张译的抿嘴太娘了，真不适合英雄….
猫甲,看过,30,还行,2023-02-01 21:18:53,北京,599,孟德海15岁生了孟钰扣两星。
momo（热搜版,看过,30,还行,2023-02-01 21:14:11,河南,699,为什么烂尾了？前面真的挺好看的，孟德海那条线明明很精彩但是改掉了，安欣和高启强之间有几条命横着，还能坐在一起吃饭？还能为高晓晨捐血？高启强觉得老默是棋子但是为了他女儿差点跳楼？人设能不能统一一点，两位主角都快有丝分裂了吧！还有每一个反派都无比信任安欣，审判还要大叫安欣的名字，这是什么玛丽苏剧情，居然还是熊猫血，真是触碰到我的逆鳞了，后半部分很失望很失望！希望张译不要再用奇怪的口音演绎，更不要撅嘴撒娇，还有吴刚老师能不能放弃气泡音，现在看完了就是一整个大暴躁。
桃紫,看过,30,还行,2023-01-22 18:00:31,日本,528,推进节奏很慢 bug蛮多 比如警察为什么要多次去市场照顾一个仅仅是一面之缘的卖鱼的 警察这么闲吗 以及张颂文演技牛逼 张译的口音太出戏 看张译演戏真是遭罪
Meng,看过,30,还行,2023-01-28 16:09:49,湖北,380,评分虚高了，如果跳出主旋律跳出审查，凭借大家伙的演技，这部剧就升华了，真的，但是我心里清楚这是不可能的。
老白,看过,30,还行,2023-02-14 18:11:05,北京,184,这剧放在十几年前，就是一部合格的电视剧，然而在当下，人们把它奉为神作。
嘉州狼,看过,30,还行,2023-02-03 11:54:05,四川,343,1、编剧、导演对官场太陌生了，就不说孟德海、赵立冬职务升迁诡异了！王秘书当了20年的秘书？再怎么着也该带个长字了吧？审判赵立冬居然是京海中院？不该异地审判吗？换个道具换个群演的事情，居然懒到这种程度！2、何黎民撑死了就是个正厅，打伞到最后就交出个这种货色？扫黑除恶搞出了那么多部级干部，不敢写吗？不敢拍吗？3、从始至终都在暗示赵立冬和孟德海在斗，除了青华区的某个项目直接硬刚过，看不出斗的痕迹，虎头蛇尾！高启强扶持一个杨建就想和赵立冬斗，是看不起观众的智商吗？结局仓促，口型对不上，强行洗白孟德海！
喵大侠,看过,30,还行,2023-01-31 22:44:58,浙江,304,到27集直接把他们拉出去挨个枪毙，都比后面的好看
齐物,看过,30,还行,2023-01-31 00:51:23,天津,291,这剧自打跨入new时代后就水平骤降。
失血的布谷鸟,看过,30,还行,2023-02-06 00:00:58,浙江,174,李响是全剧最好的人设，无论是从丰富度还是共情空间上来说，都一骑绝尘。女角色薄弱我说累了，国内影视剧个个都有这个问题，是什么癌症绝症吗😄男角色不论干了什么杀人放火伤天害理的事，都能保留一颗好丈夫好儿子好爸爸的心，编剧你但凡多翻几个现实卷宗案例，你自己能信吗。高启强这个角色越往后越虚假，看到他想跳楼救黄瑶那里我简直是匪夷所思了。一个已经利欲熏心不择手段了20年的人，将人命视若草芥，但是居然还拥有着牺牲自己拯救别人的勇气与想法？居然还对死了六年的亡妻至死不渝？编剧对黑社会的滤镜开这么厚不觉得自己荒谬吗。再加上后期改词过多，看完索然无味。下次这种自欺欺人成分过多的脑瘫男人戏直接抬走行吗。
椎名果园,看过,30,还行,2023-02-12 02:04:34,江苏,159,1.这个剧要是给网飞拍是不是就没那一大帮子打官腔的啥事儿了  尤其是那个徐忠  纯官腔生成器  一张口没有一句不是官腔  太恐怖了2.最后十集的剧本拉成那样高启强的人设都基本没崩过（除了和安欣的临终遗言一看就不是他的风格）张颂文真的尽力了  连宣判回还在微表情站桩输出  何等的敬业精神啊（。3.是冲着女角色去看的  结果没有一个女角色真的有意思  陈书婷表面张扬  其实最后还是贤内助  孟钰就不说了  看着像带资进组的  程程去见犯事的手下穿高开叉裙子露两条大白腿  高启兰纯打酱油  更别提某名其妙跳反的黄瑶了4.都挑明了是广东了  天天让人主角吃饺子  真受不了你们北方人…………5.老默你好帅  自封你全剧最帅6.心疼每一个某名其妙跳反的工具人警察：说的就是杨健张彪和曹闯
芦哲峰,看过,30,还行,2023-02-02 15:03:03,辽宁,104,挺普通一剧，没想到这么火。跟之前法院拍的那部《人民的名义》半斤八两，主角能略好些。这种主旋律剧，模式都差不多，反面人物的刻画还算生动，正面人物全都假模假式，官越大则越假，这也是没办法的事。大嫂不错。
夏正,看过,30,还行,2023-02-03 20:15:04,北京,149,居然真的断崖式烂尾了…而且现在网络的风向，似乎把烂尾全甩给审核机制了…微妙，非常微妙…把这部片当成《高启强传》来看，还是非常成功的…可惜了一众正义角色，全部沦为了配角。
aespa-黄旭熙,看过,30,还行,2023-01-30 21:10:09,上海,187,有空在这点名感化杨健不如拍拍李响他爸怎么死的还有师父送李响杯子
睡眠和水,看过,30,还行,2023-01-22 23:01:03,新疆,261,3.5星，安欣能干到头发变白主要靠主角光环，冲动没有城府，给李响上课的时候咄咄逼人，嘴炮第一人。安欣当卧底的戏比较假，新进黑社会团队每天都问一些触碰底线的问题，身手好可以理解，但胆子大到追开枪的摩托车，居然没有被怀疑。张译的演技仿佛在看陈江河，演什么都一样，有时候念台词不睁开眼睛用同样的语气呆滞的目光不知道怎么个意思，什么时候口音、卖萌迂回讨喜，都代表演技好了。看到20集发现安欣角色矛盾，一会懂人情世故一会又完全不懂，一会很聪明一会连女友的潜台词都傻到听不懂？一个人从鱼贩变老大的经历以及气质的变化绝不是十集就能表现的，看看《孙子兵法》就变大佬😂张颂文的演技也没有网传的那么神，做鱼贩的时候掩盖不住大佬的气场，做大佬的时候掩盖不住文化人的气质。李响的角色比较饱满，正义和现实的挣扎。
江承宙,看过,30,还行,2023-01-17 10:59:52,上海,309,张译的表演好一般，在演，而不是和角色融合，个人特色大于角色特质。21线太降智了，女性角色就都是工具人呗。
我很忙,看过,30,还行,2023-02-06 20:13:55,广东,111,如果想一个人下线，他从二楼摔下来，都会死。
H-OvO,看过,30,还行,2023-01-22 12:31:06,北京,270,张颂文的演技是挺牛的 张译…说话是真让人觉得别扭 演的是真端着啊 这个角色让他演的感觉挺装13的
机智的小红军,看过,30,还行,2023-01-30 20:35:55,北京,159,这种剧打9.1分？中国观众是真没看过好电视剧吗？
早起無理,看过,30,还行,2023-02-01 22:47:59,湖北,151,"指导组几个演员看着就烦，脸谱化演技严重。给张颂文五星，给天降正义伟光正指导组零分。"
妖灵妖,看过,30,还行,2023-02-02 09:31:31,上海,61,反出了腐剧
mindheart,看过,30,还行,2023-02-01 21:46:08,北京,88,谁懂唇语？
Jimfrey,看过,30,还行,2023-02-10 03:04:55,贵州,95,开局四星往上，越往后越受不了张译故意的口音，徐忠喊话那段更是尬出天际，最后几集拉胯但张颂文值得五星
其實,看过,30,还行,2023-02-09 23:37:17,辽宁,67,指导组加进主线之后的剧情就垮了，警察和黑帮强行削弱能力，变党政宣传片。前面拍的真好，高启强人物塑造很顶，再被张译用力过猛的扮嫩凹口音还有莫名其妙的感情线一衬托，显得反派更好看了。后来那个造型和隐世的感觉十分任达华（黑社会里的）可惜因为指导组天降神威强行降智，没能飚起来。
瓦尔,看过,30,还行,2023-02-02 10:27:11,重庆,86,和看韩剧《秘密森林》类似的感受，如果整个系统的腐烂需要靠一个不懂变通、不懂人情事故的“特例”来肃清，以小概率换朗朗乾坤，这，又有什么意义？
历史政治学,看过,30,还行,2023-02-05 08:36:13,英国,69,"后三分之一是乐色。其实拍这种扫黑剧的模板都一样。之前的扫黑风暴，虽然剧情跟狂飙差点，但是都一样的套路：典型的黑白两条线，有一个长达十几二十多年的时间跨度，然后有一伙正义感爆棚的人死死咬住n年前的旧案不放，直到专案组过来，犹如天上降xx，真是人间太岁神，一切邪恶终究在正义面前迎来终结！大差不差就是这样，高启强以为自己在“闯关”，其实闯关的是这专案组嘛！他只是个怪。国内能过审的扫黑片目前也就是这个套路，一眼看得到头。听说删删改改了很多，不过也没啥期待了。按这个套路拍，越往后看越没劲*甚至觉得幼稚，2021年的hsh老大，能坐城市半壁江山的人物，谁还玩那老一套了，不会产业升级的吗？没看过教父吗？金融会玩吗？干那破赌场高利贷能赚几个钱…**这种败家儿子的剧情也真是俗透了乐子剧，真别多想"
内陆飞鱼,看过,30,还行,2023-02-02 13:46:08,云南,54,有些过誉了，跟之前的热播剧《人民的民义》《破冰行动 》《扫黑风暴》一样，也只能算半部好剧，角色高于故事，有废角尬戏；把南方港口城市搞得像北方一样，不接地，开头结尾的饺子看似感动，实际有些出戏，浙闽粤桂的港口城市请发言；每集信息量不高，拖沓现象时有发生，尤其后面；之所以反派有血有泪，让人印象深刻，可能是因为反派主角光环低，野蛮生长，身上框框条条少，杀人放火可以放松自然地演，逆袭过程代表部分底层社会想找到财富密码、跨越权力寻租的栅栏，实现人生飞升的梦想。正派人物被束缚太多，发挥余地太少，要正确，要正直，要正义，要有人情味，不能有私心，不能太有个性，不能耽于家长里短、情情爱爱，所以符号化就难免，安欣就是一个无家可归的“天煞孤星”，至于嘛……
山风,看过,30,还行,2023-02-17 10:41:56,上海,49,看得出来编剧和导演想要反脸谱化，但只做到了一半，高启强确实塑造得很丰满很立体，有血有肉的底层人物，反观安欣就太单薄了。拍高启强，会拍他的鱼档，拍他老旧的家，拍他弟弟妹妹，拍他的失意和拉扯，但是拍安欣，永远在工作状态。不是在警局就是跟高吃面找线索，甚至连青梅竹马的媳妇都不要。怎么，正面人物就不配在家里吃饭睡觉吗？就没有自己的生活？为何所有人都跟犯罪分子共情了，这大概就是原因罢，我们的正面人物，还是太不接地气了。这也是这部剧最大的遗憾。
栗子酱,看过,30,还行,2023-02-01 23:03:55,安徽,69,#狂飙5.5/10烂尾是意料之中的，但是从黑道爽文一下跨越到检查组爽文还是有点转不过来。如果说黑道爽文的基础在于世纪初的落后治安；那么检查组爽文的基础显然也应该在于科技发展及侦查技术与经验的进步，而不是在于对反派核心团体的集体降智。安欣这个角色具备了一个优秀警察所需要的所有资质，其中非常重要的一点，也是支撑其坚持下去的最重要一点是：他有后台，而这一点几乎可以让其所有的执拗显得奢侈，也几乎消解了这个形象的真实性。显然，本剧并不想就这个值得玩味的点探讨下去，或许是因为就这个点探讨下去可能会触及扫黑除恶的本质。
被盗梦的盗梦者,看过,30,还行,2023-02-02 01:35:48,江苏,81,前面安欣的感情戏都搞了好几集，后面这黑恶势力就这么突突？曹闯不定个性？李响不洗个白追个烈士？陆寒查到啥了，就匆匆的灭口？蒋天都领盒饭了，给蒋天当杀手的过的那叫啥糟心日子，还自称蒋天最好的兄弟，要帮他复仇？浪费两瓶茅台让杨建投降那幕看的我也是尴尬。强哥演技确实叼，底层人的窘迫，大佬的气场，失势后的颓丧，牛！
sTill-Life,看过,30,还行,2023-02-10 10:24:58,上海,59,扫黑剧，火的却是黑老大，反派角色各个丰满，都能感觉到创作团队在写/拍反派部分的时候眉飞色舞一气呵成，搞到正面角色就开始抓耳挠腮无从下手。一个宣传“坚持初心、不畏强权”的剧被按着头改改改，本身就挺讽刺的。安欣那么喜欢送人去机场，建议退休后当个网约车司机。
改了个名,看过,30,还行,2023-01-28 22:40:05,北京,96,狂飙就是黑老大成长史，最成功地就是塑造了高启强这个人物，给了很多很多高光，反而他阴狠的一面表现的不够，扫黑的部分就是喊口号，没有给予精彩的戏份和镜头去体现正派人物的智商和能力。这部剧很火，但作为扫黑剧很失败……
刘康康,看过,30,还行,2023-02-06 14:02:23,北京,29,还行。群像戏写得还可以，能从群像里看到时代，这点值得称赞。但单个人物写得不好，尤其高启强这个人物，他的前期转变完全依赖于偶然性，后期转变又非常突兀，既写不出时代的必然性，也看不到人物内在深层动机的内驱性。可以跟《绝命毒师》里的老白做一个对比，编剧一样是给了老白一个“为了家人”的借口，但其实狠狠写出了老白这个角色内在的自命不凡、极度自私。而《狂飙》里的高启强，不知道是有意为之还是写不出来，这个角色的深层内驱力编剧写得很模糊，演员演得也很模糊，在不同时期的改变，跨度极大，缺少延续性，找不到一个连贯的脉络出来，也就变成了为了情节需要的工具人属性。张译40多岁能演出安欣这个角色的少年感，让人佩服。其他部分就乏善可陈了。
HHG🥱,看过,30,还行,2023-01-29 13:09:02,广东,62,主要靠节奏快狂推剧情，人物大多都比较单薄。。主线的拼凑感很强。。。安欣坚持正义的动机是非常薄弱乃至于无的，最后你会发现，只有对一个空心的人，空洞的正义感才得以被浇筑进去。
我初中就一直在练习变成哪吒,看过,30,还行,2023-02-02 22:32:23,中国台湾,65,前半段就像找到了真心人，然后相处到一半发现是余莺儿。
孔府小鱼,看过,30,还行,2023-02-01 20:56:14,河北,33,😅完结烂尾来踩一踩！徐纪周要啥没啥只会诈骗，双线并行倒是得双线均衡吧，把正面角色的戏份删到只剩下各种过场和陪衬，纯纯工具人，甚至不给演员完善的表现机会，黑帮老大那边有演起家有儿女了，大哥大嫂一把年纪还玩追妻火葬场戏码，兄弟们全都有情有义，到扫黑的工作组一个个全都是脸谱，推辞啥审查啊，骂让演正面主角的演员挨，利全是你导演和营销咖收了，庙小妖风大，你们真是不配。
阿五,看过,30,还行,2023-02-02 10:43:37,河北,58,徐纪周应该给演员们磕一个
人间cony,看过,30,还行,2023-01-22 23:48:40,河南,135,扣一⭐️张译表情口音都很怪，有点装有点演。扣一⭐️年轻女主戏份跳过毫不影响进度。
Shmendrick,看过,30,还行,2023-02-07 10:04:11,山东,43,像注水猪肉一样，注了满满的意识形态。电视里，反腐反贪总是大快人心。反观现实，还正厅级呢，连一个飞扬跋扈的物业保安，都可能摆不平……当一个沆瀣一气的社会系统来观看，图一个乐呵，再没别的，挺好。
英恩,看过,30,还行,2023-02-06 12:40:54,北京,57,事实证明，我和“大爆”剧无缘，感觉就是很普通的反黑剧。
庐陵,看过,30,还行,2023-02-14 15:40:15,上海,30,又一虎头蛇尾之剧。12集和26集是一小一大两个分界点，12集及以前越看越上头，不用开倍数，5星；13到26集水平有点下滑，不过依旧看得下去，1.1或1.2倍数合适，4星；27集开始雪崩，1.5倍数都显慢，直至看不下去，最多2星。26集前后是两部剧，前面写实，让人共情，后面“浪漫”，让人出戏。26集安欣和高启强在交通路口的插肩而过是我心中的大结局。
和和美美哒,看过,30,还行,2023-02-10 20:03:47,天津,55,越看越讨厌安欣，他可以对高启强共情吃年三十饺子，可以同情陈金默帮助做亲子鉴定，但是对自己师傅毫无感恩之心，对李响的变化毫不关心，可以多次和高启强同桌共饮，却不曾找时间去劝导兄弟，甚至死后也不曾提及探望，对追随自己的徒弟之死置若罔闻，冷漠无情，从未追查！这个人物正义的太魔幻了！～张译演绎的蹩脚的口音让人太难受！后面的剧情真是离谱至极！最后夸一夸张颂文的演技，太牛了！
Eco,看过,30,还行,2023-02-01 11:13:34,山东,31,面对新形态意识宣传下（中央政法委主推），多方人才合谋（全明星阵容与所谓的实力派演技等等）的高明产物，刷刷看就行了，可不能较真。以后看电视剧还得学唇语了，不然都不知道人家说了啥。
blueeee,看过,30,还行,2023-02-03 01:14:14,广东,60,三星全给高启强线，其余的颂歌部分当没看过……
Uro『Yume』ko,看过,30,还行,2023-02-01 23:14:50,江苏,51,追完了。如果我有罪，既然法律这么有用，应该用法律惩罚我，而不是来遭最后十集这种罪（微笑。停在06年简直满分
泊进之介,看过,30,还行,2023-02-14 04:11:59,吉林,33,徐江死前：狂飙李响死前：减速大结局：爆胎
有时间就看电影,看过,30,还行,2023-02-13 20:47:06,广东,35,被过度营销和吹捧啦。结尾也是有点仓促了。张也没那么好演技呀。。总的来说，不算很好看。
腰子疼,看过,30,还行,2023-02-12 01:23:29,陕西,27,说真的，我就看了4分钟，因为某种神秘力量而重新配音，然后一场简单的谈话洗剪的七零八落。我去你妈的看不见的手，一个个大sb。把百姓当牲口的农场主。
找钱人,看过,30,还行,2023-02-19 21:04:41,河南,18,比一般的电视剧好一些，还没好到爆款，张颂文真的太爱演了，好做作，张家一家人情感都很奇怪，也只有杨健分别那场戏有点看头，码头点名那一场简直恶心死。也有好的地方，把黑社会跟政府的利益输送描写的透彻一些
羯斯敏小姐。,看过,30,还行,2023-02-02 01:15:28,上海,54,26集之后请帮助我失忆 （一个现实社会只到达26集水平的国家硬要用剧来说服群众我们到了39集那样的阶段（以及，what made you think39集那种社会就是我们想要的？日常扫黑？？
recallair,看过,30,还行,2023-02-06 19:16:39,陕西,46,前三分之一（2000年）五星水平，完全不输绝命毒师；中间三分之一（2006年）三星水平，回到了正常国产剧水平；最后三分之一（2021年）一星水平，剧情台词拖沓，场景简陋，逻辑硬伤，删减无奈等等因数导致结局过于拉胯。听说第一部分拍了50多天，第二部分排了三十多天，第三部分拍了十几天，那么从最终观感上来说，确实花的时间越长品质越高。可惜了，正常拍其实真的可以成为中国版的绝命毒师的。
平萧,看过,30,还行,2023-01-27 00:09:20,江苏,62,编剧甚至不让安欣李响他们这些同一个信念的人团结在一起对抗敌人，对比沉默的真相呢？江阳努力了那么多年，还是有很多人和他一起执行那个计划！星星之火可以燎原，但编剧不相信这个，从一开始就是，营造的警队氛围就很让我难受！ 半点不如重案六组的大斌勇子！疯狂给高启强他们这些混蛋高光已经让人觉得恶心了。对不起，不值当四分了。看吧后几集配音改词成什么样了！#狂飙口型对不上#其实我想通了一个点，现实就是有（被反对）赵立冬那派不择手段的，他们利用高启强满足自己私利；但也有孟德海这样需要利用高启强这样的公司实现目标，但过程中可能会走歪路的人。只是后一个不光彩，罪不至死但是不能提倡[裂开]广电或许就是半个直到组，只是有的人怕得罪人只能改台词，有的人就纯屁股歪的。
福尔馒斯,看过,30,还行,2023-01-31 13:15:41,北京,49,情愿这部剧一点热度都没有。否则不会出现到后期随着剧情推进，后十集疯狂改配音肉眼可见的“声画不同步”越来越多，让一部终于能正经看下去的国剧意料之中情理之外的高开低走。所以这片土壤能产出什么样的居呢？不管根正不正，苗必须得红。
纪日行,看过,30,还行,2023-02-03 20:14:38,江西,53,大结局吐槽:1.安欣和李响的努力到底有没有回报？2.高启强突然降智3.安欣感情线崩的一塌糊涂，还不如让他孤独终老!安欣不是另一个那么让人心疼的江阳，狂飙也不比《沉默的真相》质量高!
懿,看过,30,还行,2023-02-06 20:23:48,浙江,44,时间线简直离谱。黄瑶也离谱。六七岁被迫认了个杀人抢劫的罪犯爹，爹死了，她隐忍十几年终于为爹报仇，这是什么感天动地的大孝女啊。谁能告诉我她有这孝心怎么就没想过为可怜的亲妈报仇啊TUT 配乐一股子古装悬疑魔幻片味儿。吴刚的菜刀双眼皮触目惊心，要不还是别演戏了。高叶跟张颂文是全剧最佳演员，就是张颂文的脸跟针打多了似的。
木柵永樂町,看过,30,还行,2023-01-15 18:53:50,中国台湾,33,（ 主要在廣東取景拍攝，粵式建築/街道/騎樓 / 茶餐廳… 張頌文的廣譜口音一出來，整部片就更'接地氣'了… 越到後面，越靠張老師演技撐完全片… 〔張頌文在這部劇的演技，有點《風雨雲》唐奕杰的影子，逼近'生涯最佳'呈現…〕劇情前半段概念有一點點類似[絕命毒師]  一個小人物如何一步一步被逼著走上反派的絕路… 約30集之後略微'低走'，高啟強年老 看似'功成名就'，但為了'正方'順利掃黑，劇作層面靠不斷新增人物線[兒子飆車/電力局…] 把劇情整個圓起來，這樣的筆法有點'洩氣'，沒了前半段不斷反轉的'爽感'… （但也因為前面足夠'精彩'，觀眾好奇高啟強最後如何'落馬'，所以還不至於因後續支線太過鬆散/說教 失去耐心而棄劇…）
Roger颜,看过,30,还行,2023-02-01 09:12:13,山东,43,前26集也就四星水准，后面更是让指导组毁完了，审查体制下大陆影视概莫能外。
Whjalndksljdj,看过,30,还行,2023-01-19 20:06:04,江苏,90,就还蛮烂的，分数虚高
咋咋咋,看过,30,还行,2023-02-01 23:37:10,北京,35,"1. 孟德海成功洗白，建议指导组查查他的保护伞是谁；2. 最后赵立东和王秘书居然上演了一个霸王别姬的概念；3. 指导组的部分大约是2021年，居然没有一个人戴口罩，是不是暗示这只是安欣的一场梦。"
噩梦枕头,看过,30,还行,2023-02-12 13:11:39,澳大利亚,30,第一幕的高启强发家史是拍得真好看，拍出了以前港片枭雄崛起的气势。第二幕安欣和高启强的双雄对决也算是有来有往精彩纷呈。第三幕是真的拉跨到极点，第二幕高启强大获全胜安欣一败涂地，在第三幕本该是安欣绝地反击，但指导组的出现犹如机械降神，高启强智商下线安欣沦为工具，彻彻底底沦为法治在线的水准。这种主题先行的影视剧最后都一个毛病，总会要收拢到一个伟光正的结局，而不惜牺牲叙事逻辑和人物设定，归根到底，还是****的锅。国内影视剧始终戴着脚镣跳舞，只能一声叹息。
苏斯洛夫,看过,30,还行,2023-02-02 09:20:11,辽宁,31,唐·高启强，从“送鱼”到“不沾毒”再到“为街坊提供帮助”，还有“一切都为了family”，浓浓的教父味儿，京海是不是英文写做new york？这还不算完，最后连古惑仔都出来了，要有续集是不是竹联帮也该登场了？编导对我国的黑恶势力显然了解不够，三年斗争我看到的恶势力覆灭，没一个这样的。至于安欣，我在队伍里十五年了，还没遇到这种二愣子。
天啊噜为什么,看过,30,还行,2023-02-01 16:28:48,上海,46,8分吧，经不起推敲。就是反派团队刻画的好，是个爽剧，但是不是深度好剧。除了高家那帮以外，孟德海，孟玉，杨建，赵立冬，张彪等等都是纯纯工具人。上面的保护伞极其脸谱化，下面的好人极其平面化。
阿唐的朋友,看过,30,还行,2023-02-02 14:11:40,北京,29,其实里里外外都是时代。如果说黑社会老大想要洗白做慈善是时代，一个城市从头都脚都是烂的是时代，黑白灰交织的沾满鲜血的经济发展是时代，那么今天删改剧情对口型也是时代，荧幕里的所有坏人都要伏法也是时代，甚至人们争议这是不是在美化黑帮，这样的审美和智识水平也还是时代。安欣这个悬浮的角色本身也让人想到很多事情。结尾其实藏了一些锋芒在：不管把多少官员从黑改成白，专案组从来没真正依靠自己去打掉坏人，关键的证据都来自于敌人内部的崩坏，这和现实自然存在反差。
毛栗老弟弟,看过,30,还行,2023-02-15 13:44:11,加拿大,26,杨建那段太尴尬了，结尾烂，本来4星的硬生生被结尾拖成两星半
海东青,看过,30,还行,2023-01-22 17:38:31,湖北,112,张译演的安欣看的一直过于傻里傻气，表演痕迹是不是有点太重
泽源是影渣,看过,30,还行,2023-02-06 11:53:38,山东,30,三星半  拍不到跟去  红色国是这样的 拍点给你看 但是不给你看多喽
浮生若梦,看过,30,还行,2023-02-22 01:29:25,四川,25,前半部剧情还不错，张颂文演技简直了。张译演技太尬了，永远都是那几副表情，奇怪的口音，撇脚又拙劣的演技。真是看着都够了
我不想去远方啊,看过,30,还行,2023-02-01 22:31:08,湖南,47,后面十来集放的是同一部剧吗…
听刃,看过,30,还行,2023-02-02 15:14:36,山东,45,编剧把安欣那些不幸的瞬间给没收了，因为给他的创伤不够，因为他被迫直面的痛苦不够，导致他的孤勇也不够，他的生命力也不够，这个角色越来越轴越来越平，非但没有足够的弧光，反而比第一集里那个烟火气的愣头青更刻板了，这样偏执的孤勇是有可能的，但是即使这样的人，也一定会有休闲的平庸的迷茫的心猿意马的时刻吧？现在把所有拓展的笔墨都给高启强，我甚至不知道安欣住哪儿，有没有跟养父一起吃过饭。呃好想再妄议一下欣五啊，简单来说就是徐鸡粥的配平癌给我造成了极大的创伤。复杂一点说就是我也不觉得这是什么一地鸡毛下最后的温情，共同劫后余生的人，相爱是对死者的背叛——对良心沉重的人尤甚。 把小五塑造成一个不愿向婚姻妥协的有个性的女性，又把她当爱情工具人配对给男主，如果编剧真是这意思我真的会觉得编剧恨女。
no1bro,看过,30,还行,2023-02-04 14:51:38,天津,30,其实没那么好看，看到一半也只好坚持看下去。俩演员也没那么出色，只是整体水平太低，衬得挺好。
坊や,看过,30,还行,2023-02-06 15:29:48,广东,30,只能说及格，吹过头了的一部国产剧。不就是在模仿以杜琪峰为主的香港黑帮片嘛，但是又不敢抄太多，很蹩脚，好看点的戏份也就前面几集，有香港黑帮片痕迹的那部分。两个男主的演技不错，女主整容脸太尬了，看到有女主戏份的就快进。我看了差不多10集，剧情开始不行了，弃剧了。对于国产剧来说可以了。6/10分
迅猛龙之心,看过,30,还行,2023-02-17 23:37:22,浙江,22,拍打黑片就很搞笑，戴镣铐跳舞不足以形容
獨一無二Lewis,看过,30,还行,2023-02-02 00:32:08,四川,24,整体一般，再也不吃未完结的电视剧安利了。前26集是小人物开挂逆袭的爽剧，后面是正常的扫黑除恶主旋律剧。 缺少很多次要人物弧光，比如老墨的女儿如何反水，强哥他妹为啥痴情张译等等，看着有些跳。强哥的逆袭，从卖鱼仔成长为黑帮老大，巨爽。 但你看他判死刑的时候有忏悔吗，一点没有，光想家人了，而且他做的一切都是为了“家人”这个点变成了他无恶不作的幌子，不知道导演想给观众表达什么呢？还没看的推荐只看前26集，后面看解说就行。张颂文演技炸裂，撑起了这个角色，强哥让我也想去买一本《孙子兵法》看看了。几个女性角色也看点十足，大嫂绝了。强哥成长看着是真爽，但是把本剧大boss搞得人人喜欢，张译演的警察等反而一点不讨喜。
神仙鱼,看过,30,还行,2023-02-01 21:38:48,山东,34,一如既往，只讲表面，不谈根本，终究是宣传工具，到顶也只能让人白眼叹气。前三分之二恶自泥洼升起、淤泥染黑红白、正反勇谋对弈还相当吸引人；后面就一落千丈越来越烂，随着配不上口型的台词越来越长越来越多，剧情也真的是扔下逻辑和细节不管不顾“狂飙”起来，所有目的只为圆一个和谐大梦。
momo,看过,30,还行,2023-02-03 10:47:48,安徽,38,平等地恨每一个烂尾剧
该去学习了你,看过,30,还行,2023-01-28 23:02:23,陕西,45,8.8➡️8.9➡️9.0➡️9.1  说实话 全网吹我真的是有点不理解 台词口型都对不上  好多剧情被剪根本不连贯  和演员们的演技相比剧情是真的拉  算了 一定是因为我没有品味 欣赏不了这“好剧”
walkingchild,看过,30,还行,2023-02-25 22:26:47,陕西,14,26集以后像新闻联播，几度看不下去
扎木,看过,30,还行,2023-01-17 14:21:23,北京,25,求一双没有看过吴刚的眼睛，自然老去不好吗？搞的老出戏了，男版刘晓庆既视感
费尤,看过,30,还行,2023-01-30 22:28:19,浙江,12,踏马德，被审核迫害的标杆，一部讲“教育整顿”的剧，被教育整顿的如此严重。
不二K,看过,30,还行,2023-02-06 14:21:00,江苏,27,有好看的地方。但这剧对女性角色的刻画让我很不爽。男性视角的自大和傲慢，女演员全员工具人。
十九颗橙子,看过,30,还行,2023-01-30 00:05:21,安徽,39,前期理想又现实，精彩又憋屈，26集以后开始又水又降智了。也曾为李响谭思言这样勇敢却无力的人狠狠流泪，为李顺李青李山这样努力活着却不能如愿的人伤心。能理解为了丰富反派人物形象安排故事线，但凭什么正面人物和普通民众好像不配占用镜头似的。后面开始反复强调各种口号听得人脑袋发昏，扫黑部分轻描淡写一带而过，主角光环这个时候开始起作用真的空洞又无聊。撑不到大结局了，但永远无法共情残害他人的恶人，无论其属于何种阶级。
蛋挞,看过,30,还行,2023-01-31 01:08:20,辽宁,52,又烂了😓 前26集真的太好看了，看的每天准时追更新，后面也太仓促了吧，反派开始集体降智，抓人全是靠感动拉拢人心……尬的抠出一个别墅…
月亮的后代,看过,30,还行,2023-01-22 22:01:26,北京,45,细节处有很多不太符合实际情况的情节，不知道是为了过婶，还是编剧太缺乏生活?
叶酱,看过,30,还行,2023-02-05 16:17:48,浙江,11,看到高启强成为黑大哥之位后就不想看了，高叶气场超强大，接着就开始扫黑套路了。片头那一段直接跳过就行，局长女儿这种角色就是为了安插个演员去演才制造的吧，太无趣了。
redhousepainter,看过,30,还行,2023-02-08 18:59:00,江苏,9,大概从第30集开始就是肉眼可见的删改和重新配音了，没办法。最搞笑的角色是倪大红，讲起来是黑帮教父，从一开始的徐江就不鸟他，到后来也不救张颂文的弟弟，没见过这么弱鸡的教父。安欣没有家人没有朋友，就这么当枪使非常可怜。吴刚到最后不放过一路提拔自己的老领导，太朋克了。高启盛那无边眼镜造型很像90年代的吴启华，用哥哥的手机举报自己还是很狠很美剧。
Yinanaa,看过,30,还行,2023-01-25 23:06:10,荷兰,11,一口气刷完25集，仅从类型角度来说真难相信国内能拍出这种剧。1.31改星，2021年线缆太糟糕了。
隋鸢,看过,30,还行,2023-02-01 21:06:47,湖北,26,前12集是真的相当精彩，给满分10分，13-26还行，7.5-8.7吧。最后这几集比💩还💩，最多2分，算是给黄瑶举报的这个情节。看完真的感觉自己被诈骗了。我真的特别好奇后面这些剧情的编剧到底是谁，真的一文不值。被恶心到了。请问这部剧扫黑扫到哪了？？真的有够无语。。。都怪我当初好奇心太重，被这个9.1分狠狠地诈骗过来了。😅😅😅😅
JOJOORC/Z,看过,30,还行,2023-02-02 21:34:44,北京,17,从开始俩基层警察去市场帮卖鱼强撑场子，就是权力结构的不平等：警察>商贩，就算你是合法经营。这个不平等的调子，从头延续到尾，后期简直像看外星人攻打地球。只有高启强发家那段好看。
格瓦拉,看过,30,还行,2023-02-02 13:10:37,四川,13,人物塑造极其糟糕，角色人设干瘪，身份转换极其生硬。估计是能在电视上猎奇才带来这么大的热度。逻辑漏洞极多。也不是完全没有惊喜，演员方面，反而是张译用力过猛，士兵突击中史今史班长才是他的演技巅峰。张颂文确实举重若轻，在卑微中蕴含着狠劲，在笑容里藏着锋利的刀。
cancel,看过,30,还行,2023-02-10 20:52:40,北京,10,全剧组这么多老泡儿，就没人能劝得住张译放弃他自创的蹩脚口音吗，从《我的团长》里的小北京就能看出他真没啥语言天赋，整整忍了39集。
翻滚吧番茄君,看过,30,还行,2023-02-02 23:36:43,广东,14,张颂文是个好演员，剧本烂尾严重，人物前传有中国教父的野心，演员好，故事精彩。草莽英雄，起于乱世，带着原罪从江湖走向盛世舞台。但本剧的最大问题在于定位不清。警匪片的锅却想塞下政治剧的盖儿，还要穿插脑残的抒情。只看前传，五星。但之后就是大崩坏，天降正义并非不可，但一厢情愿地想象，说明我们还不能直面我们的时代，一个崩坏的时代。
猫咪叠成堆,看过,30,还行,2023-02-01 23:29:49,江苏,27,前26集还行，回到21年的时间线后剧情展开就逐渐拉胯。总体观感很奇妙，像是在写主旋律命题作文，但是不小心跑题成了卖鱼佬黑道发家史，其中夹杂着一些警匪同人碎片。后期想起要交卷了还没点题，就不管三七二十一咔咔一顿官话输出，让人看得很有割裂感。
小小6,看过,30,还行,2023-02-01 21:49:02,江西,19,前20集值9分……后面到底是不是同一个人写的啊😂太离谱
薛豆瓣,看过,30,还行,2023-01-30 22:01:53,重庆,53,30集开始 这个质量就开始下滑了，而且口型是啥情况？   最近这几集看的真是莫名其妙？！
sophia,看过,30,还行,2023-02-08 02:35:53,浙江,16,主旋律旁白真的让人很不爽！希望老演员不要硬让没水平的家属入镜，那个晓晨到底是在干嘛啦！
Muto,看过,30,还行,2023-01-31 10:18:34,天津,8,相见时难别亦难，东风无力百花残——有《新世界》内味儿，但《狂飙》依然是《犯罪分子》惯用的套路：请客吃饭。俗话说，撑死胆大的，饿死胆小的。安欣这把小伞从第一集就已处在「饺子开口——露馅儿」状态了。事实上，扫黑除恶工作的突破口也是被这个心理素质比较强的人物撕开的。毕竟，对于在人情与法治相互交织的社会关系网络系统中，人脉才能给他带来如鱼得水般的安全感。所以，有时候程序正义是做给同志看的戏，然后在很薄很大的彩电里演。不懂？不懂可以学嘛，有人入室抢劫是为了不搬出去。有人包顿饺子是为了吃头蒜，有人送盒饭是为了混口饭，有人为了混口饭可以专门建造一间《深海》大饭店，有人摆龙门阵送小海鲜多是为了吃套餐。让让！让让！都不回家过年啊？在这儿看热闹？后退！后退！用等离子看《满江红》多清晰，嘣就嘭出来，就㨃脸上了。
执念兔子,看过,30,还行,2023-02-01 22:49:16,山东,26,从高启强雇佣香港杀手来伤害自己和儿子时，剧情开始拉垮并丧失逻辑，接下来高启兰和高晓晨的藏身之所竟也被蒋天的杀手找到，而在此之前高启强几乎派了所有手下去找而未果，这已经不是剧情意外效果而是逻辑偏离效果了......张颂文的表演真的是棒，相对比之下，张译似乎一下弱了很多，表演没有特别突出的地方不说，连最基本的台词都带着浓浓的表演痕迹了。
浆宝,看过,30,还行,2023-01-31 23:21:37,浙江,11,  国产剧里剧情算紧凑，但绝对不值9.1分。尤其后半段还是挺拖沓的，没有英美剧那种一分钟不浪费的紧张感。小组一直在争论编剧是不是偏爱坏人，我倒是觉得编剧一定性别男且非常爱男。任何一个男性角色都安上了男性这个群体不能拥有的高光点，今天看到扇老婆巴掌的唐小虎为了保护高家人献身了，这一整个践踏女性基础上的欲扬先抑。  女性角色清一色的工具人，受追捧的大嫂也不例外。女主呢是标准起点文之龙傲天的梦中情人。随你怎么渲染男一坚守本心少年白头，怎么展现男二被逼无奈恶人也有真情，抱歉，对这样的爱男特质无感。  唯一落泪的场景，是一句带过的话:“他们与整形机构合作推出美丽贷，还不起的被逼去卖淫。” 是的，就是一句话，女性的苦难一笔带过了。
笑央,看过,30,还行,2023-02-02 11:46:18,北京,35,安欣辛辛苦苦20年扳不倒黑势力，到最后其实就是上面领导一句话的事儿嘛。谁才是京海的老大？嘻嘻皮啊。
陶子,看过,30,还行,2023-02-01 23:16:06,四川,25,最后几集是有人在下追杀令么？这么赶
YiQiao,看过,30,还行,2023-02-07 20:12:47,上海,25,多少有些可惜了 我们的荧幕上不配存在一个“完美的反派”或者说这组导编想要创作一个“漂亮的反派”却不知道怎么植入主旋律宣传 所以好看的是前期的反派发家和中段的人斗智斗//其实根本不用吴刚出来宣讲背稿 我们还有什么故事不是能一眼看穿结局的 我现在对国产剧的期待仅仅是 希望过程能写得稍微有趣一些//演员的飙戏倒也看不太出来 基本是他们过往就扮演过的一些出色角色的样子 并没有觉得他们在这部剧的角色里有什么特别出挑或者是特别出彩的地方 演员也几乎被定性了一般 谁会扮演什么样的角色也是一眼就能看出来//哎 这样讲的话 其实都还蛮无趣的
二番煎じ,看过,30,还行,2023-02-01 21:52:37,安徽,37,无语，从头到尾致力于给安欣找个对象是什么毛病🙄女老大都得一副红唇、短裙、细高跟的sm女王扮相，美是美啦但这算不算一种刻板印象…
无达,看过,30,还行,2023-02-02 14:05:19,重庆,26,回家在电视上零零散散看过部分，正面角色太脸谱化了，不如反派演得好。
Queena小怡,看过,30,还行,2023-02-14 23:00:34,福建,20,感觉也就是一般吧，还没看都被热搜剧透完了。超高收视率也是赶上了这个档期没什么其他好看的剧，感觉没匹配期待
momo,看过,30,还行,2023-02-01 03:51:09,河南,20,后面几集也太拉了
亦榈米,看过,30,还行,2023-02-04 07:46:23,法国,38,无法评价26集之后
杨三疯,看过,30,还行,2023-01-20 13:59:44,河北,33,近几年反腐扫黑的上成品。张译的口音和降龄出戏，感情线显得多余。张颂文的弧光拉满，善良小人物黑化成大佬倒也是同类型出演。满口弘扬主旋律的达康书记每出现一次，都给本剧减一次分数。
momo,看过,30,还行,2023-02-03 01:22:07,辽宁,19,“年年扫 月月扫”😂不会每扫一个，都是需要敌人自己背叛暴露，才能二十年解决一伙人吧？结尾部分太莫名其妙了 专案组看不下去 尤其徐忠 看不下去
Neyo,看过,30,还行,2023-02-01 00:47:54,中国香港,27,2到26集打9分，张颂文老师影帝级表演10分，27集之后真的越看越尬，只能打1分了。张颂文超神都救不了后面的戏，剪的一塌糊涂，嘴型兑的稀烂，真的破坏体验，你改剧情就麻烦补拍，又不是一句两句凑活就算了，没见过这么糊弄人的，几十年过去了，还这怕那怕影响不好。咋了，当年爱看古惑仔的那批人都去当古惑仔了？脑子不正常你看再多正能量你也是不正常，天天看个片子扯能教坏人，柯南每集都是犯罪教学，要不要批斗下。
Lumity,看过,30,还行,2023-01-31 20:40:58,山东,25,配音对上口型我觉得算底线问题了，这东西不能老是对不上啊。大量台词后期修改，然后每集都有对不上口型的段落，太难受了吧这观感，也不知道被删删减减改了多少。拍得也不够狠，有背景的主旋律电影都能拍血腥点，到这电视剧还是政法委指导的，这群黑社会连句脏话都没说过啊！你们京海的黑那确实比其他地方的老百姓都有素质！
一坨猫鱼,看过,30,还行,2023-01-30 22:05:07,湖南,33,指导组上线开始急转直下 到今晚的两集属于是一秒中都看不下去了 服的
Hippy,看过,30,还行,2023-02-03 21:12:41,重庆,36,高开低走，虎头蛇尾，35集往后就被删改的一塌糊涂，结局完全剧情杀，前头明明很好的，唉，不会再追任何一部国产反腐剧了
∞∞∞∞∞,看过,30,还行,2023-01-31 02:28:45,江苏,16,两星半。观感很割裂，前半部是类型片的写法，各种《教父》《新世界》即视感，后十集是新闻联播的写法，价值观使劲往回掰，像是在看《走进科学》。
烤鸡腿儿,看过,30,还行,2023-02-01 22:37:44,山东,18,大结局血崩。。不对。。从21线开始就血崩了。。。。。先不说吴刚那俩关系户的加戏，就说收尾是不是太匆忙了？反tan反hei都靠家属是吧。。。指导组那些人起了给安欣撑腰的作用。。。安欣起了镇定剂的作用。。。具体就是被抓的人发疯让安欣过去安抚。。。不如大结局让所有坏人站成一列让吴刚再点一次到了。。还能多给茅台打一次广告。。。———下面评论是看了一半———太好看了。。。原来电视剧还能这么拍。。。。。
今天运动了吗,看过,30,还行,2023-02-03 00:15:50,广东,26,后边几集咋回事 跟前边不像同一套导演编剧 节奏稀烂 还有后期改台词 看得真很累 前边几集好看是真的
大闹天宫林黛玉,看过,30,还行,2023-02-03 15:01:05,广东,11,黄瑶最大的问题就是：不是男人。如果他是男人早就美美舞起美强惨角色而不是被骂白眼狼（也很好笑，被害成孤儿长大牺牲自己举报坏人还要被骂白眼狼）李响安心高启强高启盛这些角色换成女人演没问题，只不过舍不得八复杂有魅力的角色给女人而已，给个陈书婷和孟钰就偷笑吧。
47、Ronin,看过,30,还行,2023-02-02 01:16:30,湖北,23,要是没这两大影王撑着  真的啥也不是  后面换台词改剧情洗人物真的看得心累  导演能力一般  真是意识形态掌管一切唉 可惜了
尹尹好棒,看过,30,还行,2023-02-14 21:51:28,北京,12,最后十集你说他也不短 但是又没演啥 后十集太水 太俗套 掉价了
cao,看过,30,还行,2023-02-01 22:58:33,北京,9,即使抛开那些额外加的戏码，安欣的人物也太单薄了，以至于陪衬得“反派”更加让人共情，当然香港导演组工作的痕迹也是很明显的，拍黑色角色手法出色，如果这个剧止步26集我会多给一星。
袁长庚,看过,30,还行,2023-02-12 22:34:43,云南,14,亲历过世纪初那几年国产刑侦剧黄金期的老观众觉得此剧离天花板还差得远，春节档期爆红，一则是张颂文戏里戏外各种光环加持，二则是目前大环境下群众们对批判现实主义的需求只能靠这样的官方正剧满足。再加上新一代主创人员深谙时代情绪，给黑方一众人的饺子皮下面结结实实填进不少馅儿。只能说，时也运也。
William H D Lee,看过,30,还行,2023-02-06 14:42:35,中国香港,3,从张世豪、刘华强到高启强这类，观众就想看“个人”故事而已。
落红尘,看过,30,还行,2023-02-07 22:45:10,四川,18,三星半，可圈可点，最后可以删除5集左右的水剧情。高启强一年看了几本书，从个送礼都不会的让人变成思维大佬，着实离谱
IU的大叔,看过,30,还行,2023-01-16 00:33:37,湖北,32,几集下来小总结：1.剧本不错，演员不错，台词欠缺功底，导演，剪辑瞎胡闹（演员不该背锅）2.故事情节没有达到“扫黑除恶专项整治行动”的高压态势3.叙事时间序长，没有衔接好就成了瞎掰，观众容易懵圈4.但愿是前期的慢节奏铺垫能让后续精彩打好基础5.唯一亮点张颂文的可圈可点的细节表演值得点赞6.从第七集开始有渐入佳境的意思，但愿后续不拉胯
狗不见🌈,看过,30,还行,2023-02-08 01:11:12,浙江,29,1-13集四星，14-26集3星，27之后没看。
胡小猴,看过,30,还行,2023-02-05 08:03:06,江苏,6,最大的亮点是，将几个走上邪路的草根人物刻画得鲜活可信。作为一部法Z剧，它还是很反智的，表现形式也僵硬到令观众尴尬。剧的开头，强行安排广东人高启强吃北方饺子。导演在接受采访时说，必须吃饺子，不吃饺子故事就立不起来。这就像个隐喻，就像这部剧本身，强行给社会痼疾挖一个错位的、假的病根。 
苏黎世的列车,看过,30,还行,2023-02-07 19:46:46,河北,2,因为最近这部剧实在是火出圈了，想屏蔽都难，索性就一口气看完了。跟三体同一天首播的，但是当时追3-bdoy去了。最近几天集中看完，坦白讲，我不喜欢安欣这个孤胆英雄的角色，因为现实中不可能存在这样的人，反正我活这么大没见过。反倒是高启强这个角色的代入感极强。如果不是高启兰这层情感牵绊，以及大年三十那顿饺子，估计他早就从这个世界上消失了。就事论事来说，2000年和2006年那个年代，没人斗得过黑社会，这部剧最成功的地方是完美地塑造了一个从良民到黑社会大哥的转变。第三阶段快进看的，没啥意思，太伟光正，相对而言，我还是喜欢《人民的名义》。【Xiaomi/BlackTV】
英雄传说带院酱,看过,30,还行,2023-02-07 01:16:13,上海,21,刚看到25集高启盛拿着冻鱼一路锤人飙的爽 后十集整把我看乐了 剧情人物塑造的全面崩塌 至于为何会出现这种断崖 我暂时蒙在鼓里
虚构天堂,看过,30,还行,2023-02-02 11:12:42,北京,11,任何超脱飞扬的思想在这里都会怦然坠地的，现实的引力太沉重了——叶哲泰
文曲星,看过,30,还行,2023-02-15 19:30:56,山东,10,26集之前值得一看。之后很假。
三山君,看过,30,还行,2023-02-07 13:35:26,浙江,12,在无聊脸谱的主旋律大局下抠挖一点点生动的活人剧情
花果山十三太保,看过,30,还行,2023-01-22 22:05:09,上海,32,对于张译这个角色，我有一个觉得异常柔软的点。他的善良是他对底层弱小的人有一种温情，就像他开局就同情张颂文被恶霸欺负，他会给老默耿耿于怀的仇恨一个交代，告诉他其实你有一个女儿，他面对被威胁的赌场老板，第一个反应是把他从楼顶边上的椅子上换走，看见老板下跪立刻起身让他坐好，甚至于他看见李队羞辱张颂文，会急着把他的手铐解开。他对人有种天然的尊重，这让我很舒适，也让我很难过他开场出现的一头白发。这意味着后20集这个角色必然有很大的变故。我觉得结局的高光在黄瑶问高启强，你为什么救我？你让我怎么办。
记录账号,看过,30,还行,2023-02-03 19:57:03,山西,9,我与审查不共戴天
锅盖兑啤,看过,30,还行,2023-02-01 00:40:47,广东,15,一部被强行阉割了的《背对背，脸靠脸》，只剩下一位绝命鱼师因为全程使用苹果手机才有余地被刻画完整。“黑猫白猫，能抓住老鼠的就是好猫”最初指的是无论计划经济还是市场经济，只是一种资源配置手段，与政治制度无关。可你再看安欣，白到头发都是白的哇！
夜泊钟,看过,30,还行,2023-02-05 17:47:03,湖北,13,🐟说得对，前26集还行。因为是现实题材也别怪我苛刻，给三颗星都是顶了天了。不想多说什么，深究这个现象的本源我只怕会给一星。
粒粒头,看过,30,还行,2023-02-04 22:38:05,上海,10,27集以后，剧情不合理。
阿土菇,看过,30,还行,2023-02-01 21:36:57,云南,25,最后几集让我生气了！大结局更是，剪的啥！！！浪费了我半个月的感情5555
嘿嘿嘿,看过,30,还行,2023-02-10 11:38:15,福建,21,要是能停在安欣当交警就好了 后面实在难看。如果是26集的版本 我可以打个4.5星。
淘金汉,看过,30,还行,2023-02-12 19:59:46,江苏,5,其实我到现在也不明白，《狂飙》 为什么能火成这样，且大家都那么容忍编剧的潦草。在我看来，这部剧恰恰是在最关键的地方泄气的，那就是高启强的转变，12集是个分水岭，那一跪之后，就没劲了。如果原剧本就是如此，换作是我，是不敢交稿的。至于其他潦草就不一一说了，它真不如我想象的那么扛打。论演技和连贯性，并不认为张颂文和张译达到那样的境界，《扫黑风暴》里的孙红雷和王志飞才够硬。
😲,看过,30,还行,2023-01-17 08:23:47,河南,25,剧情看着还可以，比较有代入感！但是张译以前还挺喜欢看他的剧的，现在总觉得他端的很了
哦米葛,看过,30,还行,2023-02-05 22:02:57,美国,4,不知道为什么这部剧评分这么高，这个世界是没有这么黑白分明，人都有善的一面也有恶的一面，这部剧一直在带风向。安欣就是百分之百好的吗？他也有残忍的一面。代表正义一方的人一边在无所不用其极的打压所谓的黑恶势力，时不时就把人家家人拿出来遛遛，监禁在隔壁，这种做法和黑社会有啥分别？有的人一辈子都安分守己甚至战功赫赫最后做了一点坏事后半辈子就完蛋了，让人无回头之路不得不一条道走到黑。
lemoxa,看过,30,还行,2023-02-03 19:48:00,中国香港,23,反派能拍得有血有肉还挺惊喜的，很多小角色演得也生动，反而显得男一形象扁平，不够有说服力... 细节略显粗糙，比如口音就挺遗憾的，这本来可以成为区分地方和外地，基层和高层的隐含信息。如果以 “不糊弄观众” 为标准就能盛赞，那国剧还有很长的路要走...
我得改个名字,看过,30,还行,2023-02-02 22:15:31,河南,7,政治宣传片
KAWAI,看过,30,还行,2023-02-02 12:39:06,日本,7,矬子里拔将军，网友们对各种细节的津津乐道，就像自家孩子一直跑倒数第一，这次跑了倒数第二，就美滋滋反复回味，觉得孩子出息了……想想审查，应该拍的不容易，多给一星吧
I读书的iris,看过,30,还行,2023-02-01 21:03:44,内蒙古,10,营销做的真好。
严彬,看过,30,还行,2023-02-01 22:49:17,北京,19,到后面三分之一又习惯性烂了。底层的失败，人民公仆的胜利，僵死的督导组，失真的年岁……底色是他们的贪婪、欺骗和虚伪，而有的人真是面目可憎！面目可憎……
我要进窄门,看过,30,还行,2023-02-08 21:50:54,河北,42,真的一般，感觉被一波一波的营销给套路住了
柴犬妹妹,看过,30,还行,2023-02-01 21:35:09,陕西,8,26集之后我都是靠着我“再试试再试试”的决心坚持下来的，后面的都是屎！！！！都是屎！！！
别拿逃课不当回事,看过,30,还行,2023-02-23 21:48:17,北京,8,前面是一个字头的诞生，后面是反腐专题片
英仙座从容铁匠,看过,30,还行,2023-01-30 21:02:37,山东,26,后几集太差了，工具人太多，枉费我的深情，本来想给译帝加一星，实在加不起来，也可能是沈茶如此，台词改得面目全非，逻辑不通，但作为一个沉浸式追剧的观众我又做错了什么要眼看着嗑过的随欣所钰拍得像降智。呵呵！
姜大师,看过,30,还行,2023-02-01 21:18:53,广东,16,26集安心做交警后，就瞎鸡巴改，改剧情改台词
那个秋天,看过,30,还行,2023-01-22 13:56:28,山东,23,张颂文演技在线，另外的一般般，演员千万别整容啊
怂囧小赫,看过,30,还行,2023-02-01 22:15:53,山东,7,依然虎头蛇尾的剧情，30集以后就没法用正常人逻辑思考了，大结局的那集更是因为好多人没有说法感到很无语，比如高启兰、孟玉、安长林、王秘书等真的干净吗？我看未必！！
priends,看过,30,还行,2023-02-01 21:29:16,辽宁,17,虎头蛇尾
punkpark,看过,30,还行,2023-02-04 01:11:52,辽宁,8,一听安欣没有大概念就说不出话，在送孟玉打车被交警抓去机场那段真是尴尬，张译不管在什么时候都是一副凝固的眼神，还有高启兰演大学生的时候真的有些尴尬，明明是个很成熟的女性…在大陆演员里这样的太多了，海清最多只能演一个刻意扮丑扮老的农妇，让别人知道她不是那样子，但是像凯特温斯莱特和斯嘉丽约翰逊，几乎是素颜出镜演一个跟自己年龄相仿的人是不太可能的。娱乐圈可以扮丑，但不能真实
nownornos,看过,30,还行,2023-02-17 15:17:01,浙江,7,前面部分很精彩，但是三分之一的剧集口型对不上，真的很出戏。高启强的后台是赵立冬，赵立冬的后台是何书记，那何书记的后台呢？最后强行替孟德海洗白，才是这部剧的精髓，说明真正的保护伞根本没拔掉。
吃查3000,看过,30,还行,2023-02-02 10:38:28,江苏,5,人物的反转就像拧毛巾，到最后只剩拧巴。后期补配音口型对不上剧情走偏，但问题更大的是剪辑，不是把一段时间线剪掉不放(然后再闪回补上)就叫悬疑的。
港片爱好者,看过,30,还行,2023-02-16 22:19:45,广东,6,1.长枪射击了，现场没有弹痕和弹壳弹孔吗？应该把长枪也丢那里，徐江有两把枪也是可以解释清楚的。那么警方为什么没有发现少了一把长枪呢？2.蒋天跟家人对话应该粤语才对。3.听到哼唧哼唧的声音不是应该闯进去吗？为啥反而跑去告状？
要丸,看过,30,还行,2023-02-02 22:44:23,浙江,6,虎头蛇尾了，但也没有办法，2021线的魔幻是时代必然。扫黑除恶常态化下一切犯罪都将连根拔起，自然也就没有了斗智斗勇，只剩下穷途末路。因为删改的原因很多细节缕不通顺，前后衔接也比较僵硬，但能看到这样一部全员演技在线，服道化还原年代，剧情出彩人物双商在线的国产剧真的很难得，好评！（没有后面宣传纪录片一样的2021能四星）
吴六剑,看过,30,还行,2023-02-06 00:41:59,北京,14,从曹闯死掉剧情就开始一步步崩坏，这都啥跟啥了，最多3.5星。
糖醋排骨真下饭,看过,30,还行,2023-02-15 06:03:14,广东,7,前26集封神，后13集什么玩儿
梓Zoe,看过,30,还行,2023-01-28 22:53:19,上海,20,张译演了一个没有感情的国家机器，没有父母没有家人拒绝爱情六亲不认，世界上没有任何人任何事可以撼动他保护京海的信念和勇气😅😅😅不是这部剧不好，是世界上根本没有这样的人
第七棵树下,看过,30,还行,2023-02-19 22:49:30,广东,7,后面烂尾就不看了 前面的徐江疯驴子个个都是笑点啊 哈哈哈哈哈 还有挂墙上喝娃哈哈的徐雷 哈哈哈哈 莫名其妙自己电死自己了
歹喜虎,看过,30,还行,2023-02-25 02:10:09,福建,2,我是烂奇艺的老会员，请问能让高启强复活吗？
Salomé,看过,30,还行,2023-02-02 04:39:10,重庆,9,26集大结局。
岳流蠡,看过,30,还行,2023-02-19 15:57:44,贵州,11,为张译来，没想到这剧爆火，张颂文也终于出名了。但是后面剧情改得乱，很多逻辑也经不起推敲，看到后面甚至不能算是好看，又一次明白了有后台的（安欣）才能活着，没后台的都被人灭口了。不知道为什么爆火系列。
情绪调节器481,看过,30,还行,2023-02-09 13:37:25,云南,20,直接被张译口音劝退了，你乱七八糟加什么呢。前面剧情还行，但我真的忍受不了这口音
轰隆隆的炸鸡,看过,30,还行,2023-01-27 11:51:41,浙江,16,绝命渔师这条线不错，反面人物就能写得比较立体生动；孤胆公安这条线……怎么说呢，我好歹也是干过警察的，遥想当年像安警官这样还是一毛一的时候，要是我们局长能在大庭广众之下把我叫到跟前说话，局长老婆给我送饭吃，局长女儿跟我调情，管常务副局长叫叔……这人生堪称开挂，屌丝如我简直不敢想……
Germinare,看过,30,还行,2023-01-29 01:41:54,江苏,24,SB编剧为什么总要给反派加戏，好好的反黑剧拍成黑大哥奋斗史😅😅😅谁想和黑社会共情啊？我们需要看的是安欣李响陆寒谭思言，纵使长夜难明，依旧有人舍命点灯，“望吾血肉落地，为后世人铺良道；望吾骨成树，为后继者撑庇荫。”名利的洪流呼啸而过，他们保持一星幼稚的火种逆行。我只是旁观也含泪。
TheKingSlayer,看过,30,还行,2023-01-30 23:21:54,英国,11,经典的在审核下烂尾让观众由5分改为3分的电视剧。
尘嚣,看过,30,还行,2023-02-09 12:30:48,江苏,3,在那个狂飙突进的年代，湮灭了多少沉默的真相。锚固在现实主义的基点，难逃走向主旋律的洪流。展现了社会发展变迁中黑社会的演化，官场运作的变化，却没说透体制的运行逻辑和其维持的核心思想支撑。演的都还不错
神秘列车,看过,30,还行,2023-02-01 22:46:48,甘肃,3,结局：39E 33 ′ 50 ″，一头黑发的安欣从桌前醒来，恍惚中除夕夜花炮声响起，安欣拿着保温杯起身出门，隔壁高启强还在吃饺子，安欣看了一眼继续向前。镜头折回，办公室电视中朱军刚报完幕，开始表演小品《发红包》，贾冰介绍包贝尔“这是跟着我一块干装修的兄弟姐妹”，电视声渐息，全剧终。
丁小丁,看过,30,还行,2023-02-01 22:35:57,浙江,5,典型的“虎头蛇尾”。26集2021年开始的戏又乱，又修改，改得很多坑都填不上。前3分之2的戏四颗星，后三分之一的戏一颗星。但这剧刻画人物不刻板，对反派恨不起来！
momo,看过,30,还行,2023-01-31 20:54:12,河北,11,高开低走，编剧要不要看看你后面写的啥😓😓还有为什么吴江要塞自己儿子过来演戏。。。安欣还熊猫血，纯粹为了剧情服务是吗，这还能当警察吗。。。码垛，不要把剧情都推给审查行吗。。
Joe,看过,30,还行,2023-02-04 23:44:27,江苏,12,这是反黑劝退片吧，太难了，家破人亡的代价……演技是很好的，三星给演技……女性角色戏份会跳过不想看，因为看着尴尬……
PirateRadio,看过,30,还行,2023-01-29 13:02:40,日本,10,看了两集半，卧底这段儿细节可信度实在太差了……
O莙,看过,30,还行,2023-02-02 15:02:48,宁夏,6,掐头去尾，前二十六集还算精彩，也是难得真正有做到分季意识的国产剧，后面主旋律的大网一收又成了青天大老爷下场大获全胜，可惜铺垫已久的人物关系让位大局，后几集配音剪辑七零八落最终草草收尾
雨尘是AI,看过,30,还行,2023-02-02 01:19:03,上海,6,13集一个时间节点，典型的三幕式戏剧结构，大反派高启强的人物弧光在前两幕充分展现，而第三幕因为众所周知的原因被剪得支离破碎。国产政治剧最大的毛病还是，普通百姓只能寄希望于自上而下的『救世主』来正本清源，而越是如此，越是说明我们制度设计中自下而上的检举手段失能。这显然不符合无产阶级革命中「没有救世主，斗争靠团结」的宗旨。没有黑白两道背景支持的安欣只可能成为又一个李响、谭思言、陆寒，那么普通人又该如何在黑暗的京海寻求生存空间呢？唯一的答案指向的是高启强，这是整部剧传达出来最大的悲哀。
PurpleSoul,看过,30,还行,2023-02-20 21:05:33,山西,7,一星给张颂文，一星给张译，一星给众多老戏骨，感谢导演让我看到了属于简体中文地区的科幻大剧！让我看到了中国科幻片的未来！
pulamalama,看过,30,还行,2023-02-03 21:00:42,吉林,10,坏人不脸谱化了，但是好人依旧脸谱化，这部剧把坏人刻画得有血有肉，但好人扁平得像是一张纸，可试问现实中这世道，谁会是张完全洁白无瑕的纸呢？
Moja,看过,30,还行,2023-02-02 10:46:11,浙江,15,越往后走向越迷...
1301,看过,30,还行,2023-02-02 14:35:12,江苏,21,前26集可以打4星，后13集只能打2星。质量严重下滑，编剧像是急着回家包饺子，后面的戏份像是赶工硬赶出来的。此外本剧有一个国产电视剧的通病：廉价感。无论是服化道还是台词，完全没有年代感，2000年的戏和2021年的戏看起来几乎一个样，建议所有的剧在这方面都向《平原上的摩西》学习。
东宫六爷,看过,30,还行,2023-02-15 20:12:56,广东,10,前半部还不错，也揭示了黑道，官场一些东西。后半部狗血，不合逻辑，人物单薄，黄瑶等演员演技也有问题。内地很多编剧的通病，就是为了那个预设的结局，强行拗剧情，造成狗血、很多bug，剧情无逻辑。
白鲸,看过,30,还行,2023-02-01 22:25:22,陕西,6,一言难尽，26集之前三星半，26集之后三星。
赤名月儿,看过,30,还行,2023-02-04 19:19:11,浙江,4,剪辑乱七八糟，配音口型对不上，安欣每集都哭什么鬼…评分过高过誉了……
请巴赫地升降,看过,30,还行,2023-01-25 09:56:15,山东,24,演员们演技好的无话可说（除了安欣奇怪的吐字发音）但这个剧情………压缩10集我会再加一颗星
飞飞,看过,30,还行,2023-02-07 20:16:14,美国,5,"星星只给前面。看到36集，我特别想吐槽这些剧对于贪腐官员的描绘，难道不考虑一下是因为结构性的不公，制度的不公，分配的不公，让人""被腐蚀”了吗？拎出一些个案，甚至塑造一些贪腐群像对立着英雄群像，意义何在呢？安欣正直清廉了一辈子，最后成为英雄还是因为上头开恩，排了个调查组。这种开恩式的英雄，能让多少人安然趋之，忍受几十年的孤独、痛苦、被排挤、不被理解？我自问我可做不到。相比杨建，虽然我要吐槽他说的那些鬼话，但那是真实的人性，但凡你让社会分配公平一些，上升空间通畅平等一些，他可能也不会吐槽说我为了这个家我要抛弃警察这个光荣使命和我热爱的职业，去成为一个唯利是图的小人。但凡我们的社会不再是围绕钱和权展开生活，信息通畅上传下达，民众利益有法律基本保障而非“人力保障”，有足够强大的监管，这些人也会少一些"
奇拉,看过,30,还行,2023-02-10 21:37:56,云南,4,指导组一出来就索然无味，简直就是某d的宣传教育片，尤其是配音嘴形完全对不上实在看不下去，30集弃。高启强的发家史部分还是很好看的，以及安欣那个口音也太难受了
我做导演不为艺术只为潜规则,看过,30,还行,2023-02-05 21:09:11,浙江,7,直接跳过检查组伟光正的扫黑段落和部分无聊的警察感情戏，以张颂文饰演的绝命鱼佬为中心，还是可以看看的。
十不不七,看过,30,还行,2023-02-03 13:24:16,贵州,17,见过画蛇添足的，没见过一添就是添蜈蚣精的足的，狂飙啊狂飙不争气的玩意儿，是不是对高分过敏啊你！！！！！！
fricatives,看过,30,还行,2023-01-31 21:50:32,湖北,13,比起向着烂尾狂飙，台词和嘴型各说各的更叫人无语，再减一星都不为过。
亦是如此,看过,30,还行,2023-01-30 23:22:50,河南,11,这部剧到26集就可以结束了，看到35集尴尬到抠脚，整段垮掉。
吐司要切边,看过,30,还行,2023-02-04 07:20:30,上海,18,结尾几集拍的稀烂
理,看过,30,还行,2023-02-01 22:43:48,北京,5,就还行吧，能看下去全靠张译张颂文两条线撑着，剧情算是紧凑，但毕竟“底色”摆在那，有些“拐点”还是挺楞的。
小百花妹妹,看过,30,还行,2023-02-01 22:17:20,云南,13,这剧只有26集，说39集的一定是看了盗版（安警官冒犯了
禾口角刀牛,看过,30,还行,2023-02-05 13:06:22,山东,8,看到27集，弃了
virgin,看过,30,还行,2023-02-11 19:59:39,北京,3,咳 吹牛B又不用上税 就演呗~ :)。。
光,看过,30,还行,2023-02-01 21:57:47,辽宁,7,最后几集被审核单位直接拉下神坛
略略略,看过,30,还行,2023-01-29 10:05:57,广东,10,张译有点失望，感觉又回到了史今
Markying,看过,30,还行,2023-02-01 22:03:05,天津,5,虎头蛇尾
橘力,看过,30,还行,2023-02-05 22:18:45,山东,3,虎头驴身鼠尾，13集以后食之无味弃之可惜，安欣这个人物设置在可以立“人设”的时候故意很轴，比如演习那段，已经开始让人脚趾抠地了，但正常的时候又是个“人”，所以导演在这些情节上明显在使用很拙劣的技巧，就像其中那些喜剧情节一样，过于明显的讨好观众，但到了核心问题上他又不管你的死活，比如我真的只想看高启强们做大做强，谁想看赵立冬这个老gay又臭又长的斗法啊啊啊啊！
原某某某,看过,30,还行,2023-02-17 23:44:01,广东,7,为什么要把一个人变成一个机械人，个个坏人都有血有肉，唯独。。。。
彼方有荣光,看过,30,还行,2023-01-25 20:50:32,山东,5,前26集看得我热血沸腾，打黑除恶不能停，很难想象唐山黑社会当街调戏妇女殴打致残这种事还有多少发生在我们看不到听不到的地方。我以前不喜欢看扫黑剧，无非就是破一些明摆着知道罪犯的案子。狂飙让我看到一个犯罪团伙如何形成，一个黑社会老大如何养成，也讲了一个警察是如何放弃理想的。把这个过程展现给我们看得时候，才会得到心灵上的触动，也让我们内心中黑暗的部分得到救赎。但是最后一部分我觉得还是有些假大空了，有些失望
別にいいけど,看过,30,还行,2023-02-08 16:07:23,重庆,2,充分展示了有指导和没指导，国产剧可以写的水平。
双愚座,看过,30,还行,2023-01-31 08:18:51,上海,12,一部优秀且合格的电视剧，为什么低分呢？就是配合主题“扫黑除恶”太过头了，本来可以完全去商业化的电视剧，最后又套在了“包青天”情节身上。我们何时才能有权力受法律制约的时候，而不是总是靠一个更大“更清廉”的权力去笼罩下来解决这一切，那谁来制约这个包青天”呢？如果有一天他也受腐化呢？没有制约的权力就在现实世界不断游走
j,看过,30,还行,2023-02-10 02:28:34,德国,6,降一星给三十集以后的假大空….
FeiY,看过,30,还行,2023-02-02 22:34:34,北京,4,安欣的角色塑造是造神运动，孟钰和陈书婷是纯女性工具人，为助推主角的命运变化而写，这是两大可惜的点。高启强和李响这两个人物写得极好，所以这部剧更joker，高启强是真正主角
芒果,看过,30,还行,2023-02-03 21:00:43,广东,7,多少有点烂尾。
WIKI魏,看过,30,还行,2023-01-20 00:20:56,北京,13,看一个坏人的养成记，与一个阳光少年的白头怂化。水戏参半，帽衫显小，就别烂尾。
演员🎬,看过,30,还行,2023-02-13 01:35:40,广东,2,一如既往的拖沓，就片头就播了2次，能占用一集的时间。另外，结局逻辑不通吧，是不是编剧感觉自己也没法给自己个说法。废了周折搞到最后，原来是保护伞自己查自己，卖鱼杀生的居然这么狡猾多情，最后还是被自己人举报。这剧想说什么，是人就没有可信的嘛，还是鼓励大家都做安欣，抛弃到人生的一切，卧薪尝胆20年？看不到立意，演员倒是演技在线，就是剧本稍微缺乏了点写实。
柯不悔KOKIKA,看过,30,还行,2023-02-16 20:10:24,上海,3,也就是马马虎虎吧，，，人物还是挺脸谱化的，剧情也暖断续续缺乏原力。李宏伟的角色是真没什么表演痕迹啊好自然
never here,看过,30,还行,2023-02-02 10:30:15,上海,4,两颗星给强哥，一颗星给强哥身边的几位配角。
影中世界,看过,30,还行,2023-02-09 20:15:26,江苏,3,不行，男主安欣太憋屈了，查案处处受限，几乎每一个案子都没结果，也许带入反派高启强才是真正的爽剧，从小人物到黑社会大佬，真正为他量身定制的剧，安欣更像是工具人主角，只有推动剧情的作用，可惜了张译这么好的演技，当然张颂文也很厉害，但剧情实在不合胃口，编剧只侧重刻画高启强而忽略安欣，也许设置成两人斗智斗勇会更好，这才真正应验了剧名
慕思唐,看过,30,还行,2023-02-02 22:00:44,北京,8,口型对不上并不是最大的槽点，毕竟这只属于细节末节的技术问题。而且以当下的大环境，本剧既不是第一部出现这种问题的，肯定也不会是最后一部。问题的关键在于，近年来这类剧作的同质化越来越严重了：男一号都在当地受排挤遭打压（本剧的张译、《罚罪》里的黄景瑜、《冰与火》里的王一博），反一号也都是草莽出身，慢慢走入歧途（坏人变坏的模式全一样是吗？）。“钦差大臣”排除万难，与男一号联手扫除罪恶，最终取得全面胜利。哦，对了，还得再配个完全没有演技的女一号。就连被吹捧的所谓老戏骨们的演技，其实也是程式化的套路——这是开剧没多久我标记“在看”时写的初评，万万没想到居然最后冲到了9分爆款，我觉得充其量也就是三星半7.5分吧…
在流放地,看过,30,还行,2023-02-27 07:14:33,重庆,5,(4.6x26+13x1)/39=3.4
书简,看过,30,还行,2023-02-04 22:14:30,四川,4,只能说这部剧营销做的太好了，特意花了笔钱去开会员。然后爱奇艺特别狗，vip投屏只能投最低的480p，否则还开会员！最开始的、中间的啰嗦、30-35的很多无聊镜头。高启强从鱼贩子一下子到集团老总，太快了，没有交代清楚一个底层没文化的人如何变得神机炒算。喜欢大嫂真的是有气场、有演技、有态度
无。,看过,10,很差,2023-01-15 10:47:06,河北,2694,感觉张译的演技很固化了
周展翅💨,看过,20,较差,2023-01-17 09:42:50,北京,1962,张译真的演的好吗？演啥戏，都一副：你看，我演的多好，还要努力假装谦虚的样子
勇敢牛牛怕不怕,看过,10,很差,2023-01-19 04:01:52,四川,1440,张译演的太别扭，弱智儿童即视感。
妖精的妄想,看过,20,较差,2023-01-14 22:33:44,山东,1060,不打官腔的部分就还算能看
LY,看过,10,很差,2023-01-15 10:38:24,广西,788,重新组织一下语言1.这部剧的孕育背景是2021年全国政法队伍教育整顿（试点是2020年开始，但第一阶段成果主要在2021年）。这部剧的简介里就提到政法整顿，在剧里第一集也强调工作组下派后的工作内容的重中之重是政法整顿。2.我个人是冲着看政法整顿来的。第一阶段政法整顿硕果累累，有兴趣的可以到公安部官网查。3.我不关心一个黑社会老大的发家史。几十年恶行累累的罪犯，只需送他下去，以告慰受害者。4.政法整顿有很多内容可以拍，但这部剧挂羊头卖狗肉，我看到第五集还在讲黑老大2001年的故事，我不知道它打算花多少篇幅才能讲到2021年，我不打算往后看。5.喜欢这部剧的人，打五星是你们的自由。短评只是记录我个人对看过影视的评价，没打算与人讨论，更不打算与饭圈讨论。所以留言不会回复，谩骂会投诉拉黑。
悄默声,看过,10,很差,2023-01-15 17:12:11,河北,743,什么时候才可以真的接地气？这种假大空的真的看的实在是太多了。某些人的“好演技”人设水分太大了。
太楠了,看过,20,较差,2023-01-21 04:03:24,贵州,750,张译为什么要演得这么做作 你演个警察审讯个犯人说话唯唯诺诺的 到底是谁审谁？跟局长说话也是唯唯诺诺的 和局长女儿说话也是唯唯诺诺 反正和谁都是说话都是一股睿智样 那如果是这样张译还是最适合演八佰里面的那个角色 还有高启盛这个角色演得也是绝了 你装什么比呢真觉得自己可以了？
陈轮,看过,20,较差,2023-02-01 23:05:46,辽宁,406,没想到这样水准一部剧都可以集体高潮，现在主流的国剧得烂成什么样才能让这剧9分多啊！而且没想到评分都能比平原上的摩西高。。。这剧除了开篇十集还行，从中段开始都崩成啥了？bug一堆，叙事叙不明白导致重复镜头也一堆，再加上最后可能是因为审查改动，很多台词之间也前后矛盾，这水准真的很难给及格，能看的也就是部分演员的演技，年轻演员们包括张译、吴刚表现都谈不上好，张颂文可以，但高启强这样有意义的角色，塑造的太不饱满了，全是遗憾。。。
Lee_刁,看过,10,很差,2023-01-21 01:18:44,北京,489,不懂剧情这么生硬，漏洞百出这么不严谨竟然这么多人说好看？这剧情简直是离谱
Ordinary,看过,20,较差,2023-01-14 23:08:46,河南,505,坏人是怎么变坏的，是因为社会问题，是因为对付他的人是坏人，那对付他的坏人是怎么变坏的，是对付对付他的坏人是坏人，反正就是一层套一层，跟个洋葱似的。督导组查的高启强，结果人是天地上最大的善人，坏事都不是主动做的，都是别人逼他的，我真的笑死。这都不是亦正亦邪复杂人物了，这是纯纯可怜蛋。
tora,看过,10,很差,2023-01-20 15:20:19,黑龙江,397,同期的三体和平原都碾压狂飙，可是狂飙分最高，可见吃惯了屎的人不配吃饭。张译和张颂文所谓的演技依然是用力过猛，设计过多，尴尬且不自然。同样是警察，平原里随便一个群演的自然反应都碾压本剧老戏骨们做作的演出。中国整个表演体系教育就是失败的 ，戏骨们演戏过度，新人们演技完全不够用，不论新人还是戏骨都演不过素人
…,看过,10,很差,2023-01-29 21:54:10,山西,289,绝了，慕名看了，所以这部剧是扫黑除恶呢？还是给黑恶势力做宣传了？剧粉还私信骂人是吧？口丕！这剧是再没什么出圈梗了？就指着碰瓷孙子兵法了是吧？孙子兵法在国内外的知名度吊打砌墙传，贵方通稿rs买的那劲儿仿佛孙子应该跪下来谢谢你们，贵方睁开眼隔壁mjh，是翻车翻得还不够惨给你们的自信吗？😅进展到不可说了是吧？说句这剧洗白黑恶势力就是张译粉丝是吧？希望豆瓣完善一下评分机制，我打负分还用吸毒演员？？你可真是毫无底线…部分剧fans给吸毒咖洗白，你们可真绝配，锁死！🤮
西窗随笔,看过,20,较差,2023-01-19 08:12:05,吉林,299,县委大院同款，编导应该生活在真空里，对基层警民警匪关系一无所有，看着打黑、整顿汇报材料和英雄事迹开始瞎编的，假的一塌糊涂，非常可笑。相比之下，确实还是警察荣誉里有一些真实的人物和关系，虽然也是美化过的。
嘎巴喜呀刨,看过,10,很差,2023-01-17 20:39:17,陕西,272,依然是想当然地模仿地拍，以前是模仿香港黑帮片，现在是模仿韩国黑帮片，脱离现实，刻意做作，还是烂片。
食言人,看过,20,较差,2023-02-01 22:31:23,浙江,227,难受，越往后越跟吃屎一样的感觉，狂飙的剧情跟马路上飙车的小年轻一样，前面轰鸣潇洒，骑到一半就被交警拦下来蹲地上双手抱头了
發夢高手,看过,20,较差,2023-02-03 22:47:36,湖北,163,怎么好意思对标《绝命毒师》啊
泪痕,看过,10,很差,2023-01-15 13:09:00,吉林,272,第一集上来就口型对不上，导演是没经历过2000年吗？女主的服装造型放到2000年合适吗？本以为人民的名义是个好的开始，结果是结束，这题材的一部不如一部，贺岁片是吧？刚要投入被逗笑了，这样的题材你拍成喜剧真的好吗？总结起来就是假大空的大杂烩
程令,看过,20,较差,2023-01-21 23:47:38,云南,304,张译是不是被捧得太高了，他俩这对CP一出直接快进，现实中没有这么二的警察，真实看不下去，除了他俩，其他人演技还可以
the,看过,10,很差,2023-01-20 20:48:34,广东,193,这是扫黑吗？这是显黑！显坏！显恶！
纳米,看过,20,较差,2023-01-29 00:16:22,重庆,116,后面剧情什么情况？？这些女性角色的设置什么情况？？给人当女儿当媳妇儿被人杀？？？就连当医生的女性也是等男主角二十年的痴心女？？？？？吐了🤮
罗小黑,看过,10,很差,2023-01-29 01:22:16,重庆,134,我理解的扫黑剧是黑社会对一些普通百姓的损害多大，警察为什么要扫黑，扫黑的意义在哪里。感觉这部剧对黑帮情义方面的细节大于他们对社会对普通百姓危害的细节描写，导致好多人都共情反派，感觉都丢失了扫黑的意义。
申子辰,看过,20,较差,2023-01-15 10:06:45,黑龙江,188,如果你只是娱乐，会觉得这剧还是有质感的，可是最大问题在于剧情脱离现实，而且剧情太多似曾相识
epsilony,看过,20,较差,2023-02-05 01:18:38,北京,87,这就是你们说的神剧？
实在没意思,看过,10,很差,2023-01-31 19:07:22,上海,124,一个正面女主都没有，男演员一堆黑料演警察，越来越难看，从三倍速变五倍速，就这被捧到天上去了。拍得人人都想成为高启强，我真的很想祝导演和被带着跑的观众身边都是黑社会，人的恶是不是只有落到自己身上才觉得疼。
猎人,看过,10,很差,2023-01-20 14:30:48,河北,170,刚刚播了还未过半就出分了？？？豆瓣收了多少钱？？？
拯礼,看过,10,很差,2023-02-02 12:32:28,北京,134,唯有差评最真实
小星星⭐,看过,10,很差,2023-01-25 13:52:16,河北,148,都快水漫金山了，心思全都用在营销上了，真是未来可期啊😅
陈升,看过,20,较差,2023-02-05 17:59:30,天津,66,国民审美提升，道阻且长
姨妈的鸭,看过,20,较差,2023-01-31 22:16:54,浙江,70,加上高光时刻也确实就值这么多。
🐼,看过,10,很差,2023-01-16 07:28:23,江苏,147,过了这么些年 这种电视剧就是重新翻新装裱过的手撕鬼子剧 这两年太多太多这种剧了 真的很无聊
赤木茂Akagi,看过,10,很差,2023-01-30 22:54:55,福建,117,这片子不知怎么打到9.1的，最多7分顶天了，每个角色都出戏，剧情的转折非常不合理，仿佛爽文一样，想看扫黑直接看央视的扫黑除恶纪录片更精彩，抱着挺大期待看到的，高企强前期不像卖鱼佬，中期又不像黑老大，后期也没看到老谋深算，剧本太幼稚，不过可能爽点有迎合观众，各种装逼情节和爽文情节算是高潮，但经不起推敲很不合理，各种案件也不吸引人，反正全程没有紧张刺激也没有悬疑，评分实在虚高的离谱。
百毒不侵,看过,20,较差,2023-02-07 22:25:37,北京,64,安欣作为一个警察，真的做了很多违法违规的事。感觉全剧唯一行为正常的就是高式三兄妹。
冰糖雪梨,看过,20,较差,2023-01-25 23:42:39,四川,129,七集弃。不想看黑社会老大成长史，想让真实直接扫黑除恶好吗🙃
SOULLU,看过,20,较差,2023-02-03 21:12:53,辽宁,83,这剧为什么能让大家站在高启强这边？因为从根本上看与靳东那类的爽片没什么两样！根本不是人民的名义，只是披着黑社会与扫黑的外衣！而且狗屁逻辑也不通，演技上看张颂文下功夫了，但是稍显表面化，略显浮夸，反派们的高智商，情商，手段等都没有任何表现……苏大强是弱智吗？另外说说张译吧，张译的台词已经形成习惯了，参考鸡毛飞上天……令人反感😅当然了最令人反感的就是达康书记，气泡音发疯！！！抖音刷多了？？
海苔味脆香米,看过,10,很差,2023-02-04 14:22:49,山东,74,女性角色塑造太弱了，整个剧组都在恶心我
周白之白,看过,10,很差,2023-01-31 23:43:32,北京,91,劝降杨健那幕之尬，不可原谅。
昵称被占不开心,看过,10,很差,2023-02-02 21:19:55,河北,112,高光全给了反派 正面角色扁平又仓促 真的大失所望 
江江,看过,10,很差,2023-01-25 00:30:04,浙江,144,把观众的智商按在地上摩擦………很多地方说不通…看的难受死我了…
三清,看过,20,较差,2023-01-15 17:45:34,湖北,116,剧情套模板，配音尴尬，节奏处理的也不好，虽然全是戏骨，但是诚意不够啊。还有这个摄影，真的，你们有好好画分镜吗？观感太差了。
momo,看过,10,很差,2023-02-01 22:43:53,北京,126,张译，角色完全立不住。前期演不出年轻人的冲动与抱负，用着蹩脚的口音，歪嘴装天真。还好镶边对剧情不影响太多。后期他的戏份增多就完全垮掉了，不足以立住正面形象还在共情反派，让扫黑这个题材显得可笑了。
豆友nQ8Lg6wvos,看过,10,很差,2023-01-14 22:21:38,河南,163,真的失望，明显改了很多，口型都对不上了，连台词都改了
城南,看过,10,很差,2023-01-25 00:42:20,福建,113,实在看不下去。太假了吧。假话大话空话套话。台词听着都想吐。
已经注销,看过,20,较差,2023-02-05 04:29:29,法国,56,剧本身觉得一般。另外为啥要设定在2020年…？毕竟2020年的中国，只有一件大事
脱贫进行户,看过,20,较差,2023-01-25 21:46:07,山西,101,这剧评分为啥这么高？？？！磨磨唧唧，节奏好慢，已经开2倍速了。看到第六集也不知道他的矛盾点在哪！前面混进黑帮里，拷问那些真不如《余罪》！还有假打工人，这么严谨的老大察觉不出么？KTV遇见谁的女儿，这是啥感情线呀！完全不必要吧！
佟掌柜,看过,20,较差,2023-01-26 22:30:48,内蒙古,67,几个大男主智商没几个在线的，高叶比他们聪明，却没有施展的地方，还是被当作一个花瓶陪衬。
aokicao,看过,10,很差,2023-01-26 17:18:50,河南,123,剧情太弱智了 很多太牵强了
王祖贤,看过,20,较差,2023-02-04 08:29:06,山东,68,前边也没多好看，不合逻辑和降智情节不少，还以为拍的是抽丝剥茧，想不到案情推进全靠旁白。张译被浪费、很多正面人物都轻描淡写，这种不合理的情节分配不可能都是因为过审吧，演员演技有的浮夸有的没发挥余地，李响和前期小龙比知名的几个好些，李一桐和高小晨的演员最差。冲着高分来看的，非常失望。btw安欣要是能认出孟钰手上的包，也不至于递出那张卡。看到有评论说高启强像Elias，有没有搞错，Elias会跪吗？
Litchilynn,看过,20,较差,2023-01-27 10:46:10,江苏,69,不探究和改变贪腐形成的根源，扫黑除恶的力度再大也无法从根本上扭转局面。
二斤秋葵,看过,10,很差,2023-01-24 20:10:09,河南,103,这一分给强大的演员阵容，说实话给一分都嫌高，整个剧情逻辑细节处理看的我直想扔手机......高砌墙上去工地上草率的就磕头认干爹，老莫直接去工地上杀人，安心动不动无脑就哭，哭哭哭哭个鸡儿
倒霉蛋,看过,20,较差,2023-02-01 01:15:41,河南,65,牛逼 请杀手走公司账 垃圾广电 多一星给俩主演
xechilde,看过,10,很差,2023-01-31 17:03:04,北京,77,老一套！不探究本质，有何意义！安欣，看着就烦。这些年就吹张译演技高，请问高在何处？
深山见鹿富平侯,看过,10,很差,2023-01-29 07:02:18,美国,51,经过列宁主义训练和淘汰过的，给外人留下的最主要印象就是心肠极硬。心肠极硬是怎么样产生的呢？就是说，我不能有我特别珍爱的东西，因为我如果有所爱，我就比别人多了一个弱点，我什么也不爱，别人就很难打击我了。这样的环境中培养出来的，最有生存能力的就是这种性格的人。
寄情.,看过,10,很差,2023-01-27 01:21:33,天津,85,看到张译我就想起来他那个妖精会😅😅
法国就是培根,看过,20,较差,2023-02-11 01:14:57,上海,41,虎头蛇尾，配音面目全非，太__特色了。角色除了高启强，都是木头脸谱，几十年跨度硬是毫无人性转变角色塑造。剧本不成，表演一般，画面也不出彩。可怜了没剧看的__国人。
BPBing,看过,20,较差,2023-01-28 19:39:08,贵州,56,1.多条线交叉在一起后剪辑、叙事变得非常混乱，很多事没有交待清楚，比如李响、谭思言这条线，还有高启盛毒品这条线。2.很多案件线索和证人犹如天降神兵，多次没有任何铺垫就莫名其妙冒出个关键证据。3.感情线僵硬无趣，还不如把占用的时间留给剧情铺垫。 4，为什么有权有钱的人，儿子都必须是个《新警察》里的吴彦祖，我个人认为这种行为等于是导演编剧把观众当哈p看待。5，改台词改剧情，孟的自首看得人一头雾水、莫名其妙。                         两颗🌟，1🌟给张颂文，1🌟给高启强
gin,看过,20,较差,2023-02-02 16:06:38,吉林,79,每集都有几句吴刚的气泡音旁白官话，还有就是拍不了就别拍，省的最后再用配音恶心人
嗑一口瓜子儿,看过,20,较差,2023-01-20 22:05:29,四川,103,剧情有点拉，悬疑犯罪还不如今日说法紧张刺激，演员感觉都很用力过猛，是这类片子的通病么？张译真的不适合演愣头青小警察，他那一脸饱经沧桑的神情说他刚在剧里杀了个人我都信，还有他模仿的口音听着真的很难受，关键是他剧里那两个叔是一口地道的京腔，他们局里包括周围菜场那边的人也说正宗普通话，他一个人说话带口音就很奇怪，要不就多几个人统一一下，要不真就没必要这么搞，挺多此一举的，主要是听着不舒服，关键剧情设定二十年后，张译还是那个当初那个蹩脚口音，怎么的，头发白了皱纹出现了但人物的口音就是不用成长是吧？
老废物乐园,看过,20,较差,2023-02-07 11:59:30,甘肃,37,一部电影被拍成39集
乐难陈,看过,20,较差,2023-02-05 04:42:48,韩国,41,所谓狂飙就是从前面基本满分的演绎和剧情到后面向零分一路狂飙
阿芙乐尔,看过,20,较差,2023-02-02 22:56:05,云南,50,评分太高了，多扣一星，我们值得更好的作品。明明是现实题材，但能看下去的前提是接受一个完全架空的假想社会，接受毫不了解基层社会状况创作者所编撰的故事，一切都是美化过的。感叹一下安欣真是党培养出的好儿子。感叹这剧尺度大真敢拍的小朋友要么是看剧太少要么是完全不关心现实。
Gorilla,看过,20,较差,2023-02-02 09:41:19,日本,44,在大环境下，肯定搞不出来啥的，这个可预知。但是双雄斗确实这个题材吸引收视。遗憾的是，人物的问题太大了，老高的成长就是看了一本孙子兵法就从鱼贩到诸葛，为弟妹默默付出了几十年，弟弟没了时第一时间变身城府男洗白自己，然后又为了养女只身进电梯斗歹徒，人物不是不可以转变但是要有动机和过程；然而老高已经是最可信的人物了，其他人物非常扁平，安心是一个神话人物，脱离了人性走向神坛。
stephen,看过,10,很差,2023-01-24 06:31:24,天津,96,很差，剧情老套，又是一个正义的小人物执着抓坏人反腐的故事，剧情缓慢，又臭又长，全局重点就是抓一个坏人，抓了几十年也没抓到，腐败了几十年，听说还要恶心的抢同事女朋友剧情，负分
会女工的沈嫦娥,看过,20,较差,2023-01-26 20:03:16,上海,77,看过的8分以上作品没有人物塑造那么拉的，要不是演员好加上近两年分数溢价，这剧最多7.5
cure,看过,10,很差,2023-01-24 22:23:51,湖南,56,难看。流浪地球系列在我这已拉黑。在春节档花将近50大洋坐牢3h  谁说的比星际穿越还好看的你给我出来？！
Socordia,看过,20,较差,2023-01-15 17:00:34,广东,101,第一集就上配音，很没诚意。看了几集套话太多，跟上思政课差不多。
พ่อของพี่พี่,看过,10,很差,2023-01-17 16:55:05,北京,59,字幕是2021年，畫面中沒有任何人戴口罩，沒有人做核酸……。太假。哄誰呢？
大胃⃣麒⃣,看过,20,较差,2023-02-05 17:01:55,北京,13,对不起，不想再看到吴刚了
徐内向,看过,20,较差,2023-02-07 23:22:59,河北,48,只有我觉得不好看吗？台词、灯光什么玩意儿……每个人说话总是半死不活的，卖鱼郎都堪比陀思妥耶夫斯基（翻白眼🙄️）
wbullet,看过,20,较差,2023-01-28 02:37:52,美国,51,五集弃，不理解，北方口音我忍了，所有勉强支撑的耐心都在看到女主在2000年的背景下以一身小红书穿搭一脸网红博主get ready with me视频里的妆容出现时崩塌了。除了张颂文没有能看的、谢、
瑶默晨光,看过,10,很差,2023-02-02 22:34:11,广东,50,虎头蛇尾，强行升华
孙智正,看过,20,较差,2023-01-28 15:23:17,浙江,29,看了几集，好差，好假，
郭易轩,看过,10,很差,2023-02-01 22:44:27,广东,36,烂尾
江湖人士,看过,20,较差,2023-01-15 10:05:25,黑龙江,79,都是熟悉的老人，而且天天各个台看到，几个剧都看串了。换换人吧
醒了吗,看过,10,很差,2023-01-16 12:05:01,辽宁,83,演员演的都是什么啊，感觉都在说我最会演戏，现实中有几个是剧中演员那么说话的。看了一集出戏看不下去了。
微笑的迪妮莎,看过,10,很差,2023-02-04 11:51:44,上海,36,无语了，强忍着看了12集，确定这不是反派性转现代版延禧攻略？从没见过反派这样拿猪脚光环的，一个没什么情商礼都不会送的小鱼贩，看了本孙子兵法突然就双商爆表，玩转jc叔叔与黑帮老大在鼓掌之间，徐江怀疑他杀了儿子都不动他，别说什么顾及录音笔，黄翠翠不照样杀了吗，一个女人能扛得了逼供？不拿女儿要挟？杀了白却放过他老婆儿子？不杀司机灭口？让杀子仇人干活那之前那些手下呢？还有那个拜干爹的，人一黑帮老爷叔浸淫江湖那么多年没人巴结，就等着你一个从未见过面的中年油腻男来孝敬？以为是个扫黑除恶刑侦剧，结果是个反派爽文！还有一个市公安局，办案基本只靠李安两个人，不但各种不守纪律还顺带把反一捧上了位，然后伪男主你为什么要带那么奇怪的口音，违和感可与夹子音一拼，男主光环被抢了所以抢女主光环？网上都把你们拉郎配了知道吗
尻尻,看过,20,较差,2023-01-23 01:10:04,中国台湾,18,目前看了18集，可笑。前两集蛮好，之后就乱编瞎凑。编剧自认很会耍，把观众看低了。为何这么烂我还追了18集？我最近时间多，养病，空虚，需要找个东西让自己放松。多添一颗星的理由是，这世界有时需要烂片，烂剧，烂节目。
silence,看过,20,较差,2023-01-17 20:52:15,辽宁,89,不好意思，看了前两集还是快进看的，看不下去了！现实中张译饰演的警察不会帮张颂文，更不可能和他做朋友，更更不可能用这个来让自己的仇人来跟你服软！这太扯了！再有，一会回忆一会现实太跳跃，不是不可以，但是你一集里面这样跳跃好几回我实在接受不了！
九秋蓬,看过,20,较差,2023-02-05 04:01:44,波兰,38,期待太高了…..第一集就给人感觉剪辑衔接很差，配音不对口型，还有一些不符合现实逻辑的迷之操作（大声嚷嚷老大的名字而不是小跑过去附在耳边说？）三集看完就觉得故事很多小逻辑不通，细节根本没有打磨，很多地方太假太做作以至于看不下去。
林大哥,看过,10,很差,2023-01-29 00:56:22,上海,86,编剧大概没有听说过什么人物刻画 瞎几把编 变到哪里是哪里
玲珑赋相思,看过,10,很差,2023-02-02 14:53:28,黑龙江,61,打分也太虚高了，高启强找的演员也不好，根本不像坏人，怎么都出戏
晶晶,看过,10,很差,2023-02-04 07:23:17,上海,77,一堆营销咖
Han  sir,看过,20,较差,2023-02-05 04:39:18,北京,43,前十来集勉强可看，后面剧情一塌糊涂，感觉有点驾驭不住了。国产犯罪片没有任何悬念，所有的结局都是一样的，一眼就能望到头。反正就是没啥意思，浪费了两个通宵，血亏。还不如再刷一遍绝命毒师。
Mlle赵小兔,看过,20,较差,2023-02-18 23:49:11,北京,15,为了张颂文，强忍粗糙的服化道和摄影剪辑，以及张译奇怪的南北中口音。20多年前，氛围上能用点儿心吗？咱不跟摩西比，也得差不多点儿吧。现在看到26集了，这剧明明全是bug啊，啥都讲不明白，逻辑混乱！太粗制滥造了吧……
欧石楠,看过,10,很差,2023-01-30 22:05:28,吉林,29,因为35集想打负分
酱爆桑桑子,看过,20,较差,2023-01-14 22:04:00,广东,58,演员们拍着拍着感觉就要去下一个扫黑剧场，观众看着看着就要说出“**NB”观后感。狂飙刚刚好是有范儿，但也小心点开过头，容易翻车啊亲们。
安静的流氓,看过,20,较差,2023-01-31 21:12:59,天津,32,烂尾剧，不管什么原因，配不上这么高分
liliapap19,看过,20,较差,2023-01-15 17:26:12,上海,57,这部剧从预告出来就很期待，等了好久了，但看了几集说实话挺失望的，和其他扫黑剧差不多一个套路，但剧情结构很散，有点懒懒散散的不吸引人，一堆老戏骨，但剧本不行，谁也救不了～
炸天妇罗田鸡,看过,10,很差,2023-02-12 14:21:47,日本,25,悬浮剧，架空剧
sTan,看过,20,较差,2023-01-15 11:26:56,上海,66,其实挺一般的凑合看看吧
密密缝,看过,20,较差,2023-01-25 22:29:36,浙江,31,剧情太假，完全在演
j,看过,10,很差,2023-01-15 08:08:20,黑龙江,95,口型对不上
沙漠中的西蒙,看过,20,较差,2023-01-17 23:49:40,河南,52,最主要是人物塑造上还是拧巴，特别是双时间线平行叙事，安欣二十年后这小心谨慎这反差感，编导这样写剧本的目的是塑造悬疑（安欣变化反差），但由于剧集拖的太长，你这种悬疑一直憋着并不利于观影。还不如一条线从安欣年轻时候叙述。或者改变安欣二十年后塑造情况。张译的表演这样搞，有点走火入魔，有利有弊吧。虽然缺陷明显，不过，攒这些演员，某些场景的戏剧张力还算有。
xxxxx,看过,10,很差,2023-01-15 10:34:48,山东,76,张译演什么都一个样 李一桐格格不入 这剧的败笔
许多熊,看过,20,较差,2023-02-01 23:53:56,瑞典,27,老长时间不看剧，豆瓣电视剧评分高达通货膨胀50%!! 把人骗进来杀。就是那种反转反转再反转，主角知道坏人每一步但就是跟着一溜小跑的网文气质。好在节奏快悬念多，分为三部分中间几年十几年直接略去。就只这么一个讲故事上的进步，其余还是那些糟粕--主角落魄但就是有美人争着抢着要嫁; 坏人三件套:威胁家人，讲述前史，栽赃嫁祸百试不灵。片头点题，结尾点题的特色悬疑剧，张译，吹胡子瞪眼派演员代表。
灰色幽默,看过,20,较差,2023-01-29 21:44:40,浙江,26,又一部格式剧，糖衣吃完了接下来要喂答辩了。
木皆,看过,10,很差,2023-02-03 23:49:57,江苏,42,内核居然是《无间道》张颂文近些年扮演角色的方法是一致的，并不值得表扬吧。张译的表演也就平常发挥，走个过场。
金元宝,看过,20,较差,2023-02-13 19:50:02,广东,18,除了个别演员优秀，没什么值得捧上天的优点。反正我是看都看不下去。
钟信,看过,20,较差,2023-02-04 08:33:37,福建,21,前半部8分，后半部0分。感觉后半部原本的剧本应该也挺精彩，可惜了。
申请健康证书中,看过,10,很差,2023-01-29 05:16:05,湖北,38,写长评免得分被拉掉。在这部剧里，你可以看到：长达27集的黑老大成长史；女角色不是爸爸强盛然后嫁给黑社会当内助，就是被保护的妹妹/女儿，替更看重男继承人的爹去当法人坐牢，被生活迫害的卖者；你可以听到蹩脚的方言，音画不同步的配音。俗套化的官腔官词，刻板的人物形象刻画，一猜就中的公安卧底（还要被夸反转再反转；弱智的剧情描写，毫无疑义的斗智拉扯（没有刻画形象 没有剧情烘托 一会他猜到了敌方的意图 一会他又反将一军 毫无铺垫的刻画 仿佛生来这个角色就掌握剧本）；主角生硬的成长历程，用所有人的麻木不仁来衬托他的善良和理想；灌水的剧情，毫无意义的生活片段，对后面也没什么联系，用俗套的故事来给主角的人设贴标签，；编剧抛梗力也很差，写不出精彩的句子，只能用bgm来烘托欢快。不如《扫黑风暴》前12集
大脸。,看过,20,较差,2023-02-04 00:53:22,广东,34,一星给选题 一星给制片和营销 很好的故事但没把故事讲好，无处不在的逻辑bug，刻意得不能再刻意的情节推动，反复横跳的人物智商，弃了。不配给Vince Gilligan 提鞋。从怎么选题，如何踩着审核和观众的g点找平衡，到营销和反向营销，渠道发行都是当代zg命题作文电视剧的top水准。
UP_姑蘇錦年,看过,10,很差,2023-01-29 01:06:40,江苏,42,好故事，好演员。拍得稀巴烂。婚庆水平的摄影，学生作业水平的剪辑，网络音乐水平的音乐。导演稀巴烂。
KING,看过,20,较差,2023-01-19 07:42:31,辽宁,52,从来就没觉得张译演技好，太浮夸做作，这是演员的表演通病
Breeze,看过,20,较差,2023-02-01 22:36:10,广东,21,前面10几集看完就可以不用看了。以后国产剧高口碑之作就是这种水平了，只需要专注把前10集拍好，先把观众骗进来，都参考一下。
cuddlelife,看过,20,较差,2023-02-16 11:14:11,河南,17,2星给演技，剧情和剧本0分。大环境对此片评价如此之高，很难不怀疑有部门在背后推波助澜，以观影热的方式灌输毒鸡汤歌唱主旋律。别跟这扯什么现实！现实比这黑的多！敢拍吗？这内容基本符合反腐败题材的惯用思维：贪污腐败不上省部级，不涉及各dang委，大致可以理解为：dang员总体纯洁，队伍根正苗红，腐败主要是因苦出身，民企是黑帮或涉黑，基层群众刁蛮不顾大局，dang内反腐决心大且有原则魄力。可事实上，有些东西不改进，扫黑是自欺欺人。不要以底层办事人员的勤恳和牺牲去洗白和掩饰大问题。本片重点是提醒民企的黑和我dang的艰苦与决心！缺乏真正自我检讨的修养。唯有以张颂文为主的老戏骨演技可圈可点！此类题材，必须在宽容的环境下才拍的深刻、如果是韩国拍就是另一种风格，参考秘密森林，辩护人等。另外：海报有抄袭。
静待花开,看过,20,较差,2023-02-08 11:29:43,湖北,25,深刻描述一个反派人物的成长史，有情有义，呵呵，导演故事讲得很好，但是传达的价值观我不会让我小孩看。
精神病人,看过,10,很差,2023-02-15 21:36:25,江苏,16,一个标榜扫黑除恶的剧，却“莫名其妙”的被后期消声、生硬改台词、改剧情，强行把黑的优化成白的，可真是现实又讽刺。
东百普通jo厨,看过,10,很差,2023-02-02 02:57:09,辽宁,29,毒师+新世界
马克爱马克,看过,20,较差,2023-02-10 03:48:55,加拿大,6,这个东西本质上就是个当代雷锋和当代刘文彩的故事。还是不把人当人，为一个国家的，集体的，虚假的价值取向赋予一个现实的基础。披着现实主义外衣的洗脑工具。
空白,看过,20,较差,2023-01-31 21:39:49,湖北,21,不是很明白为什么这么高的分。剧情除了高家兄弟发家史讲的仔细了点，其他反黑的故事线都囫囵吞枣的，主要是反黑就反黑，你发家史讲十几集是认真的吗？而且都到37集了，剧情故事走向还感觉像在剧集中间几集一样……说认真的如果不是演技和这两兄弟发家史是根据真实故事改编这种吸引人的点撑着的话，这部剧真的很烂
鸟川芥,看过,20,较差,2023-02-15 03:01:13,浙江,8,很多剧情太弱智，黑社会大佬的儿子去野塘电鱼…把自己电死了，警察审斗殴犯，莫名其妙结下了比同志还深的友谊…演技给反派一众角色，张译演的是个啥？连我都看出来他在演，到底哪里演技好了？ 只能说人民的名义之后，政宣工作组尝到了甜头，以后这类引导舆论的剧每年都会如法炮制一番
烙胤,看过,10,很差,2023-02-03 22:58:35,辽宁,35,这一星给剧组的垃圾营销，有功夫弄那么多“头七”类天雷滚滚的热搜，不如把后半部分好好剪了。我吃了颗糖，安利给了身边所有人，没想到，糖衣融化后全是玻璃碴子，不如到26集结束，余下部分要么续篇，要么别放。对这个剧惊喜多大，失望就多大。
馮小鳳,看过,10,很差,2023-02-03 21:57:43,广东,40,这剧给我最大的感受是，张颂文的搜索记录里是不是有「玻尿酸打太多了是不是三角区肌肉会雷打不动？」百度说：「是的，特别适合去混赌场。」以及「迎风流泪跟玻尿酸打太多有没有关系？」百度说：「您瞧瞧，我说什么来着，一看就是咱的老主顾，没少去我们推荐的医院呢。」
日烦夜烦,看过,20,较差,2023-02-09 00:23:13,北京,4,中段不错，第三段差成shit。张颂文演得可以但是回头发现他什么戏都几乎这个演法，容易腻。吴刚演这种毫无能力人模狗样的傻比可真合适。
momo,看过,20,较差,2023-01-28 20:41:50,广东,34,9.1有点太高了
繁缕,看过,10,很差,2023-01-17 15:39:27,广东,41,请问正常人为啥要看工作报告？
图拉浩,看过,10,很差,2023-01-17 00:12:45,江苏,42,航拍之后的第一组镜头就让人恶心  都没忍到张译出场
你的归一呀,看过,10,很差,2023-01-15 13:06:26,浙江,73,男主好出戏，一星给女主
nomad,看过,20,较差,2023-01-21 09:53:53,山东,23,这啥啊，还是龙傲天成长记，局长搭档甚至是犯人都爱男主，加了个女的还是给男主谈恋爱用的，编剧你是从小到大没遇过女人不知道有女人吗，狂飙（全男版）张译是怎么把这个角色演成傻白甜的，多大了还瞪眼装无辜
fall,看过,20,较差,2023-02-04 07:22:33,湖南,10,烂尾
无为啊,看过,20,较差,2023-02-03 02:46:33,上海,20,人物真的好割裂啊啊啊啊啊啊
小红,看过,20,较差,2023-02-03 19:13:57,北京,8,纯意识形态否定
鸡鸡唧唧叽,看过,10,很差,2023-01-20 10:13:09,浙江,65,一个要杀警察的罪犯当警察遇到他时居然不马上抓捕？一个连杀人都不怕的黑帮老大居然受一个卖鱼的威胁？编剧超级烂，果断弃剧！
lì,看过,20,较差,2023-02-10 22:38:37,上海,9,我就直说了：看了十几集再去看评分真的觉得豆瓣友邻都疯了。但还好也有几个觉得这剧就值两颗星的明白人让我确信疯的确实不是我。往细节了说就是：除去高启强的部分，其他我都想快进，不是倍速播放哦，是拉进度条的那种。
anonymous v,看过,20,较差,2023-02-03 09:08:21,北京,9,看了五集。很可能可称是揭露中国审美真相的里程碑式的作品。
哒卟溜,看过,10,很差,2023-02-01 21:57:50,北京,43,真是神踏馬爛尾
godard,看过,20,较差,2023-01-31 03:46:30,湖北,11,不能看了，之前反派戏还不错，写的演的都不错，忽略正派戏就还是个可看的剧，现在完全不能看了，受不了了
Len,看过,10,很差,2023-01-31 16:24:07,广东,16,挺悲哀的。大家都想做高启强。
粪海狂蛆,看过,20,较差,2023-02-08 02:33:21,北京,20,一口气看到27集，还算有点意思，然后就开始血崩，让人提不起兴趣，每一集都看得很累。而且也开始不怎么关心后面的剧情了。
CrazyCleo,看过,20,较差,2023-02-04 09:37:26,广西,7,套了刑侦题材的爽剧而已，剧本问题多不胜数，导演的审美配得上央8 。两星全部给演员~
芊小乙,看过,20,较差,2023-01-31 20:32:47,山东,17,徐纪周成功成为我目前最讨厌的导演/编剧😇狂飙能火成这样子你跪下给敬业优秀的演员们磕几个不过分吧（除了某加戏龙套里面的演员都特别特别好！！）😇女性角色本来就不多还写得一塌糊涂，搁这儿yy谁呢？你要是男性群像能写成北平无战事一半水平咱也不说你，可好好的大纲故事被讲成这样，最后几集烂尾简直是地下室水平。我真是倒了八辈霉看不着国家行动看这烂尾玩意儿。更更倒霉的是没想到实力派粉丝还能撕起来，放过两位老师吧！更更更倒霉的是咱们响子是真真迷人啊！！
顾毁,看过,20,较差,2023-02-13 23:52:45,江西,14,烂片烂片大烂片，气死我了
paperman,看过,20,较差,2023-01-31 21:51:28,上海,21,真就证据找人呗，那么多不符合逻辑的剧情啊。给几个抓贪反贪的情节大众就高潮了，农村黑社会无力吐槽。罪犯吃几个激将就全吐出来了。球球了，少一点这种剧吧
momo,看过,20,较差,2023-02-01 00:39:42,湖南,19,真的很一般，我就想问哪里值9.1分？
0xzzssss,看过,10,很差,2023-01-31 11:27:26,日本,7,喜欢这个剧的人大概率也是《人民的名义》粉丝。
蓝詹,看过,10,很差,2023-02-04 08:17:47,丹麦,12,这个剧到最后坐实的真理竟然是血缘关系，在剧中没有任何血亲反目和背叛，除此之外任何后来发生的亲缘关系、社会关系、友谊爱情，不但不堪一击，还随时会转化为暗箭。成了黑道是为了家族，一溃千里是没能打败另一个家族的遗孤，而要做廉洁的警察，为了不拖泥带水，直接给他写成一个孤儿，爱情战友皆可抛。这么落后的观念就是告诉你，在这种社会里长大了也没什么用，要么做孤狼要么和全家同生死，命早就定了，余下的变数无非是挣扎的路径，但永远逃不出血的连结。这么活着人就不算独立，那这一切有什么意义？
Welp,看过,20,较差,2023-01-29 21:19:21,上海,17,逐渐编不下去了
阿莱,看过,10,很差,2023-01-23 11:48:03,北京,8,被阳刚到了
17530066984,看过,10,很差,2023-01-15 11:33:41,福建,57,每个人都很用力的样子……完美贴合片名……
阳光型男谢广坤,看过,10,很差,2023-01-16 06:38:09,上海,31,吴刚这僵尸脸还能出来拍戏？
在家造炸彈,看过,10,很差,2023-01-31 15:18:00,重庆,16,为了过审剪残了
Jonathan,看过,20,较差,2023-02-03 20:03:45,北京,8,命题作文式的正剧，我们的欣赏范围就止于此了。
YoYoo,看过,20,较差,2023-02-03 21:12:21,广西,29,烂尾剧，大篇幅把黑社会塑造的有血有肉的，唉
颗粒,看过,10,很差,2023-01-30 21:30:05,天津,16,编剧毫无逻辑，镜头语言零，演技说实话也比较做作，用此剧警醒自己不要跟风
风和日丽,看过,10,很差,2023-01-14 22:11:44,山东,68,很烂很无聊啊，不能因为阵容而强夸，本质还要看剧本讲的故事好不好，当然演员演技是OK的
一个毛乎乎,看过,20,较差,2023-01-27 23:13:28,安徽,23,为啥一个杀手背了一万多条人命在身上，还非要抛头露面的在菜市场这种人流量巨大的卖鱼啊！！！
满脸写着开心,看过,10,很差,2023-02-12 10:45:10,广东,24,什么烂剧，给吸毒演员洗白。。
密室游鱼,看过,10,很差,2023-01-29 12:25:40,辽宁,13,唱唱反调：前半部挺好看的，后半部分办案太过于顺利，一个十五二十年构建的商业帝国加上根深蒂固的保护伞，从几个小人物就能开始突破，一个大厦的倒塌会从几块砖几片瓦开始，但是这个过程不应如此之快，我更看到的是现在办案的困难，而不是所有的困难都发生在回去，最后，我的建议是，整部剧拉长到60集80集，高启强发家史太长，看得头重脚轻
墩了个墩墩,看过,20,较差,2023-01-30 20:46:35,广东,25,前半部分四星，黑大佬的成长故事确实精彩，但从专案组来开始强行降智再加上硬塞的高晓晨真是有被无语到，开始怎么也斗不过反派，专案组来就开始一个个送人头，合理吗？孟钰给自己下毒是一个有孩子的正常人干得出来的事？专案组调查完王力居然不把人保护起来这不是害死人家吗？正派人物可以不要这么扁平敷衍吗？扫黑剧情能稍微有点细节和铺垫不要这么粗暴突兀吗？好好一个剧到后面非要烂尾，真是可恶啊！
知愧轩尺牍,看过,20,较差,2023-02-07 14:06:31,上海,7,故事的基础就根本不成立，高启强黑社会集团称霸京海20多年，还和副市长赵立冬对着干（高启盛以死为代价获得赵立冬的合作根本没有维持多久），长期以来所谓最大的保护伞只不过是电力局副局长杨健，这连个官都不算吧！这个副局长还是高家耍手段威胁赵立冬提拔的竞争对手王力才让杨健上位的。杨健人设真的写崩了，当交警和电力局时期判若两人，却没有一点转变依据。孟钰居然为了保护杨健考虑投毒，虽然没有真投，但确实考虑过、纠结过。你以前不是记者吗？是非心、正义感去哪里了？怎么容得下一个贪官污吏和你同床共枕20多年，还是说根本没发现，那么记者的洞察力又去哪里了？高启强真的是有黑无伞，最后被办掉的几个领导都是徐江、白江波、蒋天等人的保护伞。全剧唯一亮点高启盛冻鱼杀人，但是拍的太直白，没开始就先说要这么杀，一点悬念都没有了。
三安,看过,10,很差,2023-02-01 08:07:12,山西,19,又要揭露又要批判又要宣传又要审核，干脆别他妈拍了。我不配看真实，我就配看古偶。扫黑除恶常态化了，电视剧还扭扭捏捏，恶心谁呢？呸！
enen,看过,20,较差,2023-02-16 09:34:54,黑龙江,5,八集弃剧，这就是一爽剧，逻辑细节铺垫都不重要
Pato,看过,10,很差,2023-01-29 03:02:25,法国,19,北方人一模仿南方人口音，南方人就发笑
淡清的水桶,看过,10,很差,2023-01-20 10:53:28,江苏,20,那些演过《人民的名义》的，自己能接受这样的“作品”不？
momo,看过,20,较差,2023-02-14 11:43:27,加拿大,12,真的如果不是强哥，一颗星都不会给。剧情后面大烂尾乱煽情，恶心的快吐了。全剧只爱强哥
路易十六的近臣,看过,10,很差,2023-01-29 13:02:03,湖北,13,品质很一般，分不值得这么高。刚看完结尾更新一下，这样的结局不知道是要教会人们什么，忘恩负义还心安理得吗，黄瑶这个角色逻辑性全无，整个剧荒诞无比。这部剧造成的场外影响比剧本身更加精彩！各种无聊的梗漫天飞舞，突出了像实在没什么可说却偏要说点什么的感觉，丝毫不觉得什么所谓现象级的存在，只觉得严重侵占公众资源
saki,看过,20,较差,2023-01-31 20:09:15,重庆,14,烂尾了
momo,看过,20,较差,2023-02-12 16:17:43,广东,2,"这剧火了以后的营销大败路人好感, 差不多得了.  吹破天去, 也就是个剧而已."
Johnny Fung,看过,20,较差,2023-02-13 18:30:48,北京,7,哈哈哈，疯狂改台词，替配音，切反打，没镜头切了就直接替配音，口型对不上也无所谓。这种高压环境啥也别搞了是真的，没这个必要。原著是文学，已经是经过了审查的出版物，改电视剧本还要再审，拍完了还要再审，这东西还有啥意义呢。广电自己出剧本多好啊，广电自己也没信心吧估计。
某种风格,看过,10,很差,2023-02-04 14:59:43,山东,17,为了这满满正能量的大结局，我给满分！
麦田里的守饭者,看过,20,较差,2023-02-01 22:41:56,英国,5,前26集去掉样板可看，之后的烂到人神共愤。最坏到省，上面是对的，都是下面个人的错呗。敢问一句黑从哪里来的呢😄 张译演戏好可怕！大姐能火简直是男宝yy集合：母亲（精神父亲各种资源无限包容）+贤妻（子嗣）+情人（初恋）。情感上patriarchal society 只有homosexuality
麻豆配角小王,看过,20,较差,2023-02-12 10:43:46,四川,5,从27集开始，就是垃圾，全程三倍速看完
Maaaaaa_,看过,10,很差,2023-02-01 21:01:28,英国,24,对安欣的塑造成为了一大败笔，一个自己为达目的不择手段的人，反过来却要求别人处处受规矩，你说他刚正木讷吧，他却老是耍些自以为是的人小聪明。靠着他白莲圣母的行为拉点观众好感，结果是越看越反感，难道好人就必须拔情绝爱，没有父母也没有家庭吗，去表现这样的虚假角色已经很难了，张译还老是爱自己加戏，总之，两分给张颂文和他塑造的高启强，剧本扣分。
evening77,看过,20,较差,2023-02-09 00:23:13,湖南,5,主旋律，坑太多，前期还有点悬疑劲，后期就是高启强洗白记了吧？一个卖鱼强，满脸写着无敌？高启盛为啥直接跑偏？孟钰的跑偏程度更离谱~李宏伟是智障吗？栽赃李青的绑架视频硬盘毁了不香吗？藏墙壁里图啥？倪大红是个吉祥物？大嫂便当是编不出了吗？禁毒大队长后来电力副局长的杨健，持械悍匪你拿个喇叭喊他报数？这也煽情不尬吗？作为老丈人的孟德海对女婿巨贪的事完全不知情？你隐入尘烟了？人家还开枪打了酒瓶呢，这配不上当众击毙？谭思言那个被埋的事是影射新晃那个学校跑道藏尸案？咋突然就知道他埋在高速公路了？赵立冬在京海当了多少年市长啊？不用换届的吗？王秘书的存在太不真实，又贱又高调，居然还挺忠心~电梯快关门开枪是致敬无间道吗？录音笔留20年不麻烦吗？直接存音频文件如何？两星打给演技在线的各路演员，不能更多了~
黯咩然销咩魂饭,看过,10,很差,2023-01-21 16:19:01,安徽,19,二十一世纪的样板戏🤢
ButcherV,看过,20,较差,2023-01-28 12:05:37,日本,14,拍的跟美剧似的……张颂文就是那种尿个野尿都有 250 种姿势，但舌头永远捋不直的演棍，属于老天爷不赏饭吃。
Orchideous,看过,20,较差,2023-02-13 23:10:43,上海,4,从第一集开始就并不吸引人。。
夏日掠夺春秋,看过,20,较差,2023-02-03 17:28:49,湖北,38,前半段还可以，后面开始烂尾，正面人物刻画太平面了，还以为至少有一半的扫黑内容，结果全是高家大院，下次这样就别宣传是扫黑片了，直接说是仿港风黑帮警匪片
J.H.Chiu,看过,20,较差,2023-02-01 17:10:53,广东,10,26集之前可以拿個5🌟 能不能有一部是不需要中央下來的指導組專案組特派組幫忙查的
北纬三十四,看过,20,较差,2023-01-29 20:30:36,安徽,8,陈旧的。无论故事，还是镜头，表演，都是陈旧的。
zhangxunnj,看过,20,较差,2023-02-01 21:43:53,北京,10,浮世绘变形记，37后再减一星，然而烂尾又何尝不是反映了时代。巧克力味儿的翔还是翔味儿的巧克力？
Pzuricho,看过,20,较差,2023-01-16 17:55:15,四川,9,2.5。张译的角色表演设计没到点子上，让他的戏从一开始就很乱，无法让观众集中入戏。张颂文的台词、神情和动作细节做得太好了，好得吓人。吴刚现在只适合演陈萍萍。第一集开头大段大段后配台词，让人看得不舒服。后半程回到中老年时间线，变得无趣，多点多线杂乱草草叙事、好或坏的金手指、好或坏的单薄人。前期立人物的渲染很流畅，后期破局很草率。这里电视剧的阻碍原来是当下的叙事里，头顶必须有空洞的圣上。
天光云影,看过,20,较差,2023-02-02 10:41:45,江苏,17,前十几集确实好看，但后边越来越不行。高启强高启盛这兄弟俩太鲜活、太出众了，不怪很多观众喜欢。
喜剧病毒,看过,20,较差,2023-02-08 22:44:35,广东,4,就认干爹前能看。
Pinkman,看过,20,较差,2023-01-29 21:03:23,安徽,7,剧情就值一星 这是什么弱智玩意 和沉默的真相完全无法相提并论 多出的一星是给张颂文的演技 
ZXY,看过,20,较差,2023-02-05 04:18:30,北京,14,后半段改成依托答辩
raku,看过,20,较差,2023-01-15 03:31:41,上海,3,开局3.5 爱奇艺好球带plus营销拉满 尾声至多2.5 看了这部会很容易理解为什么拍不出breaking dead那样的剧
摇啊摇,看过,20,较差,2023-02-16 20:49:30,广东,1,白瞎剧本了，吴刚的角色简直就是败笔，瑕掩瑜。主食材都很高级，厨师时而高级，最低级的就是脑子混了混进几颗烂菜毁了一锅。正面群像正的跟公益儿童广告一样
有只骗子,看过,20,较差,2023-02-02 21:56:22,广东,4,21线狗屎，断崖式下跌，后半部毫无剧作逻辑可言。吴刚和他的儿子在搞什么？烦死了！最后居然安排一个从来没出现过的人跳出来当凶手，出来混，建议最好是要点脸。
小欧哥哥,看过,20,较差,2023-02-04 07:48:35,江苏,8,既然不敢拍完，不如不拍。另外，把吴刚的戏全部删掉，评分会高很多。
祭司（Ojas）,看过,20,较差,2023-02-03 14:46:32,河南,4,1-3。弃。给反社会的找女儿那段确实被恶心到。不用付出一点还准备白捡一女儿是么。讲话故意的口音……
露天电影院,看过,10,很差,2023-01-15 18:35:40,北京,34,几个关键词吧：儿戏，脸谱，假大空，悬浮，“玄幻”。重点篇幅刻画坏蛋成为风光黑社会大佬，有血有肉，友情有爱，有仁有义，嘿嘿~~ 这屁股有点歪了吧？
蕾雅赛杜的牙缝,看过,20,较差,2023-02-12 10:48:18,北京,5,太过誉了
郁郁葱葱韭菜田,看过,10,很差,2023-02-04 07:49:34,河北,5,国内观众的智商也就能看看这种自嗨又幼稚的儿童剧了。
你月经姥姥,看过,10,很差,2023-02-04 13:26:20,广东,5,《狂飙》安欣原型之一，湖南女法官周春梅。女冠男戴。
坐等1900,看过,20,较差,2023-02-11 09:40:05,澳大利亚,2,国产剧观众确实是没什么能看的了吧 这么乱这么不合理的剧情能打到这个分数 演员再好 剧本不行有什么用
sea,看过,20,较差,2023-02-09 14:25:18,上海,2,2.2-2.9 边织毛衣边刷完，电视刷完了，毛衣还有半只袖子，可见织一件衣服需要45小时至少。。。说回电视剧，前面几集蛮精彩的，就看张颂文在表演技，但是最后7.8集潦草又敷衍，有点莫名其妙的感觉。看了八卦，评价说安欣的成长以及很多戏份被删除，看下来感觉的确如此，正面的角色太单薄完全饱满不起来。以及，看了一些张译的荒唐八卦，这个男人长得这么正气但行为却这么恶臭呢？最后只给了2星，因为除了张颂文的演技，这部剧其实并没有什么值得肯定的地方。
stew,看过,20,较差,2023-02-12 15:42:28,浙江,4,许多情节经不起推敲（比如孟钰的神奇逃脱、高晓晨莫名其妙要去枪击王力、抓捕杨建的茅台煽情投降、何黎明作为保护伞封顶等等）。许多关键情节交代不清（比如黄老作为保护伞这条线）。点上面用力过猛，面上面不够平顺，线上面时断时续、不够完整和连续，整体缺乏刑侦剧的严肃、缜密和千钧一发的微妙与危急（可以和《悬崖》去比较一下，差太多）。许多本该惊心动魄、甚至应该造成严重后果的情节被不现实、不科学的方式处理了，有辱观众智商，强迫观众的正常思维逻辑。可以说是概念大于作品，题材时令，但粗制滥造。表演没问题，表演只是展示形式，而剧本及编排本身的硬伤，让整部作品缺了灵和魂。
豆友91666115,看过,10,很差,2023-02-02 00:12:40,四川,4,刚开始10+集能给个4星鼓励，看的很爽，20+集开始逐渐拉跨，但还是能勉强维持个心目中的友情3星，30+集之后，感觉自己吃了九转回肠，妥妥的答辩喂你嘴里，1星我都嫌恶心，是真泥马的鹅心啊！！！！！！！！
曼彻斯特·杨,看过,20,较差,2023-01-15 16:14:27,辽宁,37,第一集，督导组到京海第一次开会，座次就不对：市委书记不在，市长坐1号位没问题，市长左手边2号位没介绍不清楚；市公安局常务副局长坐3号位，然后政法委书记作为全市政法口的领导居然坐末位。还有审讯那段，双方都动手基本就判定互殴，管什么先动手后动手？目前看细节经不起推敲，有待进一步观察
popoqoqok,看过,20,较差,2023-02-04 07:42:38,陕西,3,看到一半实在是看不下去了。
💧,看过,20,较差,2023-01-18 08:41:44,湖北,30,换汤不换药的电视剧还要拍多少
KEIKO,看过,20,较差,2023-02-01 01:09:39,广东,5,我都不知道，好看在哪里，为啥会9.1分？细看逻辑很多地方是不通。那么多人觉得高的人生很励志，是在搞笑吗？！
我是直的,看过,20,较差,2023-02-05 01:34:13,河南,2,看着从8.5到9.1再到如今8.7 虎头蛇尾是基本评价 张译演技无法入戏 张颂文演技也太过神话
∑×pe℃t.,看过,20,较差,2023-02-05 00:36:54,广东,5,三十集之前可以四星，三十集之后两星，最后价值观有非常大的问题，都是亲人举报亲人，这样得到的正义是非常可疑的。
恣意,看过,20,较差,2023-02-02 01:06:04,山东,6,这烂结局，，最后一集开了20倍速是吧吧好多事都没交代清楚10分钟判了6个就这么结束了？？？？？
风吹沙,看过,10,很差,2023-01-20 18:19:45,湖南,15,老婆在看，带着我看了第二集，恰好是回忆高启祥送电视那一段，等离子、大脑袋电视至少是95年以前吧？警察穿着99式制服？全程录像？高启祥弟弟穿着那么时髦的服装？这种粗制滥造的电视我都纳闷导演怎么拍得出手？
王木匠,看过,10,很差,2023-02-05 02:32:40,四川,3,贾冰一走，京海就不嗨了。
青豆li,看过,10,很差,2023-02-03 19:16:16,北京,5,正面人物戏太少了，成了黑老大发家史了，导演屁股太歪了
KUSURI,看过,20,较差,2023-02-01 23:12:27,福建,7,尴尴尬尬
____放肆的450,看过,10,很差,2023-02-02 10:00:28,山东,6,26集之后就一无是处
以梦喂马,看过,20,较差,2023-01-29 00:10:49,山东,9,二倍速也看不下去了。剧本硬伤，全靠演技。
等你仰望-,看过,20,较差,2023-02-07 10:06:47,四川,5,26集之后是失了智吗
不识君,看过,10,很差,2023-01-31 22:10:18,北京,16,26集之前给5星，26集以后给-4星，综合给1星，国产扫黑剧必烂尾没有之一，伟光正真把我看吐了，比科幻片都科幻片
Jacky 张,看过,10,很差,2023-01-15 07:04:48,浙江,61,都是配音吗？为啥口型都对不上
霧鸢野荻,看过,20,较差,2023-02-03 16:26:08,英国,5,和同期同平台的《平原上的摩西》一比就知道假在哪里了。演员口型与戏中配音完全对不上，那么演员的表演再好，又能有什么意义呢？
Vitaliux,看过,20,较差,2023-02-10 03:42:36,浙江,1,强哥加一星，老默加一星，国产剧的评分看看就行了，对G点敏感的观众隔靴搔痒一下，就能高潮到极点。
漠围,看过,20,较差,2023-02-08 18:36:19,甘肃,4,整体非常三流的制作，非常国剧风，废话太多，节奏太慢，演技浮夸……就是快进跳跃都难看下去！三分之二的无用戏份！
李小白撕裂了,看过,20,较差,2023-02-05 22:25:10,浙江,3,一塌糊涂
TreasureCruise,看过,20,较差,2023-02-14 21:44:40,上海,6,其实三星，拉平一下分数，别尬吹，导演+编剧全员水平没接触过太多暗箱操作，没接触过所拍级别以上的官员（吃一两顿饭不算），没有一家家庭水平高于家族企业，没有见过真正的黑社会，全是漏洞，像是给小孩子看吓唬人的小品。剧情设计引导痕迹严重，剧情向人为希望的方向发展，导致脱离基本逻辑。（补充）1.片子比较难得的是人物塑造丰满，打破国内传统叙事“只描写正面角色，且正面角色高大全”的方式（虽然安欣并未脱离十全十美形象），坏人有心路历程，好人也有过动摇，小人物也很伟大，比《人民的名义》更往前走一步，这是叙事上的一大进步。（传统叙事没出路）2.看到有无间道影子所以查了一下，写着有曾经的执行导演加入，只能说知其然不知其所以然了，无间道吃饭戏拍的很好，注意点很多（字数不够了），这剧里硬搬却细节没注意，就很搞笑。
唠叨巴勒特,看过,20,较差,2023-02-17 15:17:04,美国,3,有多远滚多远的烂东西只能说很好的陈述了国产问题的关键，全是好演员全是烂导演烂本子倒是有个好莱坞都得登门拜师的营销水平所有问题都在我依旧忍着看完觉得后面就会好的第一集摆明了，只为秀演戏的情节，没有一点理由只是牵线般只为结果存在的角色行为从始至终角色更是从高启盛烂到高启兰大家都是工具人也就别争什么高下了就算是可以的演技也被莫名其妙的切成一段一段放置了下去，割裂感极强，什么是角色成长线这个东西都没存在过高启强的智力水平讲究的就是一个随机性张颂文的演技在线跟这个角色不行有什么关系，加上身边的所有更蠢的莫名其妙的手下和身边人一叠加他就是装个逼都装不痛快爽剧的要义也达不成看的人只想一头撞死，正剧毛都碰不到还想饮冰呢，视角两条线又要又要真是玩明白了更别提女性形象了他烂的还没那么高级呢
noise666,看过,20,较差,2023-02-12 23:23:14,上海,4,吴刚大傻逼！！
今日,看过,20,较差,2023-02-26 17:59:48,河北,2,最后几集实在看不下去了。一套套娃配音和点名抓犯人组合拳看得我扣地。玩尬的还是你们行。
都市丽人舒绣文,看过,20,较差,2023-01-24 13:28:06,辽宁,8,废戏多，所谓的尺度，力度，远不如一集扫黑反腐专题记录片。
oo,看过,20,较差,2023-02-02 07:13:16,英国,13,不是 你们真的觉得好看吗 ？
fly,看过,20,较差,2023-02-05 23:08:51,山东,2,打着扫黑剧的名头 拍高家传呢？这剧里人物塑造最好的就是高启强 从二十六集以后 就围绕着高家那点p事说来说去 导演就是hsh的梦男 好恶心 🤢 真实社会的hsh比电视里恶臭一万倍 李响 陆寒 潭思言 这些正面人物 就寥寥几笔 杨建被捕 居然演了那么长时间 离谱 真的好离谱 后面的剧情也是一塌糊涂 剪辑真的好差好差 很多剧情都不连贯 剧中的演员是挺不错的
是小吉哦,看过,20,较差,2023-02-10 20:41:07,四川,3,吹过了，真的很一般，演员都嘴不对词，剧情逻辑也不严谨。
黎小黎bOnｎｉｅ在豆瓣大杂院,看过,20,较差,2023-01-30 09:12:38,北京,4,我要给《扫黑风暴》道歉改分，《狂飙》差得不是一点半点，而且还被狂吹，莫名其妙的剪辑，消失的关键剧情，失控的表演，还被狂吹，，还9.1分呢别叫狂飙，请叫狂吹
萧三儿,看过,20,较差,2023-02-20 06:02:14,云南,0,强忍着看了八集弃剧，烂就是烂、纯粹的烂，在我而言这就是一部学龄前儿童适合的动画片。大火，只能说明两点:营销极其成功+巨婴太多。
L,看过,10,很差,2023-02-03 20:59:18,上海,6,不理解为啥这么多人喜欢看。
白熊大王™,看过,20,较差,2023-02-13 07:26:24,加拿大,3,表演非常扎实的新式样板戏。
