source,target,weight
高启强,安欣,42
角色,角色,39
张译,张颂文,38
高启强,人物,34
没有,没有,34
张译,演技,33
安欣,高启强,33
高启强,角色,32
张译,角色,31
安欣,安欣,29
安欣,没有,29
张译,口音,29
张颂文,张译,28
人物,人物,27
剧情,真的,26
安欣,人物,25
角色,没有,24
整顿,打算,24
高启强,高启强,23
张颂文,演技,23
张颂文,角色,23
时代,时代,23
扫黑,没有,22
张译,没有,21
剧情,没有,21
口型,对不上,21
扫黑,除恶,21
人物,安欣,21
人物,最后,21
人物,角色,21
高启强,真的,20
张颂文,没有,20
剧情,剧情,20
反派,角色,20
高启强,没有,20
没有,角色,20
政法,打算,20
高启强,张译,19
真的,真的,19
人物,没有,19
张译,张译,18
没有,演技,18
没有,真的,18
安欣,最后,18
高启强,最后,18
编剧,高启强,18
高启强,张颂文,17
张颂文,高启强,17
没有,张颂文,17
张颂文,表演,17
角色,工具,17
角色,最后,17
没有,人物,17
没有,台词,17
高启强,剧情,17
高启强,扫黑,16
扫黑,张颂文,16
张颂文,真的,16
警察,警察,16
张译,表演,16
角色,高启强,16
演技,角色,16
扫黑,扫黑,16
角色,塑造,16
安欣,角色,16
人物,塑造,16
人物,张译,16
很多,没有,16
没有,高启强,16
后面,剧情,16
没有,剧情,16
角色,觉得,16
角色,编剧,16
整顿,整顿,16
张译,高启强,15
安欣,张译,15
最后,几集,15
看到,没有,15
没有,很多,15
国产,没有,15
台词,张颂文,15
演员,演技,15
人物,剧情,15
剧情,人物,15
坏人,坏人,15
台词,真的,15
真的,剧情,15
整顿,政法,15
政法,整顿,15
扫黑,反派,14
张颂文,人物,14
角色,扫黑,14
扫黑,剧情,14
后面,角色,14
角色,主角,14
剧情,最后,14
台词,没有,14
演员,张颂文,14
角色,这部,14
没有,编剧,14
编剧,编剧,14
台词,现实,14
演员,角色,14
编剧,角色,14
这部,打算,14
演技,张颂文,13
张译,人物,13
安欣,李响,13
剧情,张颂文,13
安欣,警察,13
安欣,正义,13
演员,没有,13
角色,张译,13
角色,人物,13
最后,没有,13
很多,台词,13
李响,高启强,13
没有,安欣,13
人物,演员,13
安欣,剧情,13
没有,最后,13
角色,非常,13
时代,角色,13
整顿,这部,13
张颂文,张颂文,12
好看,高启强,12
剧情,演技,12
剧情,张译,12
演技,张译,12
张译,安欣,12
高启强,高启,12
角色,故事,12
角色,张颂文,12
高启强,表演,12
剧情,演员,12
演员,演员,12
狂飙,高启强,12
后面,真的,12
张译,警察,12
张译,台词,12
高启强,沦为,12
后面,反派,12
绝命,毒师,12
高启强,黑社会,12
人物,编剧,12
人物,观众,12
编剧,观众,12
观众,观众,12
这部,没有,12
高启强,台词,12
高启强,真正,12
安欣,这种,12
剧情,台词,12
非常,角色,12
非常,非常,12
有人,有人,12
最后,真的,12
高启强,觉得,12
没有,一会,12
一会,大佬,12
爽文,一点,12
水平,部分,12
时代,坏人,12
整顿,讨论,12
真的,张颂文,11
高启强,部分,11
剧情,高启强,11
不错,张颂文,11
安欣,张颂文,11
安欣,真的,11
人民,名义,11
高启强,编剧,11
张译,扫黑,11
演技,没有,11
最后,最后,11
没有,觉得,11
张颂文,反派,11
现实,现实,11
反派,安欣,11
反派,没有,11
角色,安欣,11
角色,反派,11
狂飙,扫黑,11
扫黑,细节,11
剧情,编剧,11
高启强,这种,11
很多,张颂文,11
扫黑,高启强,11
尤其,角色,11
角色,黑社会,11
删改,人物,11
人物,故事,11
口音,口音,11
人物,高启强,11
人物,正义,11
安欣,演技,11
高启强,只能,11
张颂文,最后,11
精彩,没有,11
不够,没有,11
看到,剧情,11
后期,人物,11
口音,非常,11
扫黑,真是,11
很多,演技,11
没有,张译,11
没有,这部,11
觉得,角色,11
角色,演员,11
扫黑,角色,11
剧情,角色,11
人物,真的,11
李响,角色,11
知道,角色,11
女性,角色,11
扫黑,套路,11
这部,整顿,11
政法,这部,11
对付,坏人,11
张译,真的,10
张译,演员,10
张译,演戏,10
张颂文,演员,10
警察,张译,10
精彩,人物,10
剧情,安欣,10
狂飙,安欣,10
看到,安欣,10
问题,演技,10
扫黑,风暴,10
演技,演技,10
高启强,知道,10
张译,有点,10
张译,故事,10
张颂文,台词,10
扫黑,狂飙,10
警察,高启强,10
这部,角色,10
大量,人物,10
比较,没有,10
高启强,李响,10
剧情,扫黑,10
剧情,很多,10
安欣,很多,10
演技,大佬,10
安欣,一点,10
很多,剧情,10
剧情,故事,10
感觉,感觉,10
张颂文,现实,10
真的,安欣,10
演员,表演,10
不错,台词,10
剧情,真是,10
角色,正面,10
扫黑,人物,10
剧里,剧情,10
说话,角色,10
看到,角色,10
好看,安欣,10
导演,观众,10
角色,女性,10
高启强,工具,10
水平,水平,10
配音,对不上,10
编剧,女性,10
有人,后退,10
这部,政法,10
政法,政法,10
政法,讨论,10
坏人,一层,10
反转,主角,10
真的,演员,9
这剧,张颂文,9
扫黑,部分,9
张颂文,大佬,9
狂飙,张颂文,9
李响,安欣,9
演技,安欣,9
演技,真的,9
张颂文,高启,9
高启强,情节,9
张颂文,扫黑,9
社会,社会,9
真的,没有,9
厉害,太爽了,9
没有,精彩,9
结局,没有,9
看到,现实,9
现实,没有,9
没有,扫黑,9
扫黑,意义,9
扫黑,情节,9
安欣,现实,9
剧本,张颂文,9
警察,扫黑,9
没有,故事,9
张译,剧情,9
目前,不错,9
成为,演员,9
对不上,没有,9
目前,没有,9
真的,后面,9
高启强,很多,9
台词,对不上,9
台词,台词,9
角色,高启,9
感觉,张译,9
塑造,安欣,9
高启强,塑造,9
观众,人物,9
最后,演员,9
台词,角色,9
很多,高启强,9
结局,高启强,9
后面,扫黑,9
编剧,剧情,9
现实,高启强,9
故事,剧情,9
故事,人物,9
问题,最后,9
这部,故事,9
好看,角色,9
喜欢,没有,9
没有,饱满,9
时间,人物,9
人物,一点,9
剧情,后面,9
遗憾,人物,9
感觉,不用,9
角色,现实,9
安欣,工具,9
几集,真的,9
目前,现实,9
不错,没有,9
没有,现实,9
很多,张译,9
很多,地方,9
张颂文,感觉,9
演员,张译,9
高启强,演员,9
这部,这部,9
狂飙,角色,9
反派,不能,9
真的,口音,9
高启强,不能,9
剧情,口音,9
时代,其实,9
时代,安欣,9
人物,老白,9
老白,角色,9
三分之一,部分,9
不够,编剧,9
演员,水平,9
教育,整顿,9
不够,观众,9
不公,英雄,9
情节,观众,9
整顿,个人,9
坏人,对付,9
号位,动手,9
张译,真是,8
真的,演技,8
真的,真是,8
立冬,高启强,8
这剧,高启强,8
这剧,张译,8
高启强,反派,8
高启强,大佬,8
扫黑,警察,8
扫黑,张译,8
反派,张译,8
张颂文,警察,8
张颂文,看看,8
张颂文,老师,8
安欣,二十年,8
高启强,叙事,8
叙事,人物,8
安欣,陆寒,8
安欣,情节,8
安欣,编剧,8
女儿,角色,8
狂飙,警察,8
警察,安欣,8
张译,一下,8
社会,公平,8
扫黑,社会,8
完全,没有,8
李响,没有,8
剧情,希望,8
安欣,不要,8
剧本,表演,8
时间,张颂文,8
角色,表演,8
高启强,故事,8
安欣,变化,8
扫黑,演员,8
观众,没有,8
编剧,演员,8
狂飙,现实,8
真的,高启强,8
真的,很多,8
后面,张颂文,8
真是,现实,8
高启强,指导组,8
现实,张颂文,8
张颂文,值得,8
看到,看到,8
角色,明显,8
台词,演技,8
警察,演技,8
狂飙,演技,8
高启强,可惜,8
高启强,逐渐,8
高启强,大量,8
成长,角色,8
成长,人物,8
角色,看到,8
后面,人物,8
逐渐,人物,8
蹩脚,口音,8
人物,只能,8
人物,坚持,8
塑造,高启强,8
塑造,没有,8
安欣,只能,8
安欣,主角,8
安欣,塑造,8
编剧,安欣,8
剧情,刻画,8
剧情,这部,8
剧情,可惜,8
部分,角色,8
部分,没有,8
台词,安欣,8
角色,可能,8
人物,扫黑,8
人物,真正,8
安欣,可能,8
安欣,台词,8
没有,问题,8
大结局,安欣,8
人物,需要,8
指导组,安欣,8
很多,人物,8
孟德海,立冬,8
可惜,人物,8
剧本,演员,8
安欣,饱满,8
没有,保护,8
没有,这种,8
觉得,高启强,8
高启强,喜欢,8
坏人,人物,8
地方,容易,8
一点,观众,8
口音,角色,8
口音,出现,8
口音,演技,8
角色,生活,8
感觉,电影,8
没有,主角,8
情节,真的,8
真的,扫黑,8
这部,喜欢,8
坏人,高启强,8
目前,台词,8
目前,真是,8
不错,现实,8
没有,地方,8
很多,现实,8
安欣,真是,8
张译,说话,8
高启强,黄瑶,8
真的,这部,8
高启强,结局,8
角色,剧情,8
角色,演得,8
角色,真的,8
存在,角色,8
人物,非常,8
这部,扫黑,8
正面,角色,8
这剧,演员,8
一起,高启强,8
立冬,孟德海,8
问题,角色,8
编剧,觉得,8
安欣,一会,8
没有,看看,8
没有,大佬,8
演技,一会,8
一会,一会,8
一会,鱼贩,8
一会,气质,8
一会,掩盖,8
一会,不住,8
角色,其实,8
张译,觉得,8
爽文,显然,8
爽文,重要,8
爽文,几乎,8
爽文,探讨,8
爽文,下去,8
其实,角色,8
三分之一,水平,8
剧情,逻辑,8
配音,口型,8
最后,演技,8
时代,很多,8
时代,崩坏,8
时代,自然,8
不够,越来越,8
不够,觉得,8
除恶,没有,8
逻辑,没有,8
高启强,影视剧,8
高启强,逻辑,8
安欣,沦为,8
安欣,影视剧,8
饺子,有人,8
逻辑,表演,8
问题,坏人,8
没有,铺垫,8
这部,黑社会,8
没有,世界,8
感觉,最后,8
这部,讨论,8
整顿,内容,8
第一阶段,打算,8
内容,打算,8
是因为,对付,8
是因为,坏人,8
对付,一层,8
确实,人物,8
高启强,其实,7
高启强,可能,7
其实,扫黑,7
张译,非常,7
张颂文,精彩,7
黑社会,老大,7
张译,看看,7
高启强,好看,7
李响,李响,7
不错,张译,7
不错,安欣,7
张译,少年,7
高启强,变成,7
高启强,居然,7
高启强,看到,7
安欣,看到,7
张译,看到,7
张译,高启,7
张译,编剧,7
张颂文,细节,7
细节,人物,7
高启,安欣,7
安欣,叙事,7
表演,痕迹,7
表演,张颂文,7
张颂文,社会,7
本剧,演技,7
扫黑,演技,7
最后,这种,7
张颂文,完全,7
电视剧,没有,7
没有,有点,7
这种,扫黑,7
现实,扫黑,7
难得,没有,7
没有,正义,7
没有,值得,7
扫黑,觉得,7
扫黑,很多,7
观众,一点,7
张译,完全,7
真正,安欣,7
现实,安欣,7
剧本,角色,7
反派,扫黑,7
角色,黑老大,7
角色,审查,7
角色,精彩,7
黑老大,没有,7
警察,故事,7
警察,张颂文,7
演技,剧情,7
狂飙,剧情,7
狂飙,演员,7
扫黑,观众,7
剧情,细节,7
编剧,没有,7
真的,现实,7
真的,知道,7
后面,知道,7
高启强,现实,7
大佬,现实,7
大佬,张颂文,7
看到,狂飙,7
看到,高启,7
张译,设定,7
演技,不住,7
台词,张译,7
台词,狂飙,7
对不上,张颂文,7
对不上,高启强,7
张译,剧本,7
张译,反派,7
张颂文,狂飙,7
扫黑,台词,7
扫黑,后期,7
狂飙,狂飙,7
故事,扫黑,7
故事,故事,7
高启强,演技,7
演技,反派,7
这部,真的,7
后面,演技,7
后面,主角,7
张颂文,出现,7
真的,角色,7
角色,知道,7
角色,出现,7
完全,最后,7
安欣,指导组,7
安欣,明显,7
高启强,后面,7
角色,后面,7
角色,逐渐,7
人物,史诗,7
其实,没有,7
有点,口音,7
张译,做作,7
张译,感觉,7
感觉,口音,7
感觉,国产,7
人物,知道,7
塑造,张译,7
高启强,主角,7
看到,人物,7
主角,安欣,7
剧情,狂飙,7
张颂文,这部,7
这部,五星,7
精彩,扫黑,7
主要,人物,7
主要,没有,7
人物,问题,7
很多,安欣,7
光环,没有,7
英雄,社会,7
没有,可能,7
张译,喜欢,7
这部,高启强,7
扫黑,权力,7
看到,后面,7
剧情,正义,7
精彩,剧情,7
展现,最后,7
人物,后期,7
坚持,最后,7
很多,演员,7
正义,最后,7
保护伞,上面,7
扫黑,黑帮,7
狂飙,人物,7
安欣,放弃,7
安欣,其实,7
没有,其实,7
人物,部分,7
演员,真的,7
看到,张颂文,7
李响,高启,7
喜欢,安欣,7
安欣,喜欢,7
安欣,也许,7
安欣,觉得,7
安欣,有点,7
安欣,伟光,7
没有,喜欢,7
没有,时间,7
没有,细节,7
剧情,精彩,7
没有,看到,7
剧本,人物,7
细节,最后,7
人物,强哥,7
强哥,一点,7
角色,地方,7
这部,地方,7
对不上,角色,7
高启强,立冬,7
张译,现实,7
之前,扫黑,7
几集,台词,7
剧情,主角,7
人物,动机,7
人物,张颂文,7
这部,黑老大,7
编剧,故事,7
台词,演员,7
最后,部分,7
最后,张颂文,7
目前,很多,7
看到,台词,7
剧情,现实,7
台词,真是,7
很多,真的,7
立冬,立冬,7
李响,几个,7
扫黑,这种,7
整顿,记录,7
整顿,喜欢,7
演员,高启强,7
高启强,这部,7
角色,刻板,7
角色,刻画,7
角色,情节,7
扫黑,这部,7
结局,角色,7
剧情,发家史,7
一下,这部,7
演员,扫黑,7
反派,正派,7
反派,人物,7
塑造,演员,7
最后,警察,7
情节,没有,7
编剧,最后,7
前面,最后,7
张译,适合,7
说话,张译,7
安欣,口音,7
警察,口音,7
没有,后面,7
时代,水平,7
角色,黄瑶,7
问题,居然,7
看到,这种,7
安欣,大佬,7
黑社会,演技,7
完全,演技,7
鱼贩,大佬,7
是不是,安欣,7
张译,最后,7
专案组,真是,7
后面,强哥,7
爽文,爽文,7
爽文,基础,7
角色,一点,7
一点,下去,7
角色,不能,7
转变,角色,7
编剧,需要,7
家人,角色,7
扫黑,感觉,7
其实,时代,7
里里外外,时代,7
时代,悬浮,7
时代,想到,7
时代,事情,7
时代,结尾,7
时代,锋芒,7
时代,官员,7
时代,改成,7
时代,专案组,7
时代,从来,7
时代,真正,7
时代,依靠,7
时代,关键,7
时代,证据,7
时代,敌人,7
时代,内部,7
时代,现实,7
时代,存在,7
时代,反差,7
剧情,坏人,7
编剧,真的,7
不够,不够,7
不够,一下,7
没有,爱情,7
知道,觉得,7
模仿,黑帮片,7
强哥,强哥,7
没有,家人,7
真的,诈骗,7
真的,当初,7
最大,问题,7
第二幕,安欣,7
有人,混口饭,7
剧情,表演,7
剧情,女性,7
下来,没有,7
反转,剧情,7
黑社会,扫黑,7
刻画,主角,7
第一阶段,政法,7
第一阶段,整顿,7
政法,个人,7
发家史,故事,7
打算,讨论,7
角色,剧本,7
剧里,口音,7
老高,人物,7
反黑,故事,7
演技,演员,6
这种,演员,6
立冬,扫黑,6
可惜,反派,6
可惜,张颂文,6
扫黑,可能,6
终于,张颂文,6
精彩,张颂文,6
张译,演绎,6
狂飙,张译,6
张颂文,演出,6
张颂文,好看,6
张颂文,特别,6
张译,好看,6
高启强,根本,6
李响,安心,6
剧情,二十年,6
非常,高启强,6
不错,真的,6
安欣,少年,6
值得,安欣,6
安欣,江阳,6
角色,存在,6
张译,大佬,6
张颂文,安欣,6
高启强,刻画,6
变成,安欣,6
叙事,安欣,6
安欣,谭思言,6
时代,人物,6
编剧,人物,6
人物,刻画,6
人物,立体,6
觉得,安欣,6
安欣,这是,6
警察,成为,6
强哥,警察,6
张颂文,公平,6
社会,嚣张,6
男主,公平,6
问题,没有,6
扫黑,看着,6
无奈,公平,6
公平,嚣张,6
没有,社会,6
少年,少年,6
真的,不要,6
一部,电视剧,6
一部,没有,6
两年,很多,6
结局,觉得,6
这种,很多,6
看到,很多,6
看到,扫黑,6
现实,社会,6
现实,很多,6
李响,觉得,6
觉得,很多,6
看到,观众,6
剧情,好看,6
张译,现在,6
精彩,安欣,6
烂尾,非常,6
角色,起来,6
现实,存在,6
扫黑,题材,6
剧本,扫黑,6
剧本,没有,6
剧本,故事,6
剧本,精彩,6
反派,降智,6
反派,反派,6
高启强,之间,6
高启强,已经,6
高启强,降智,6
高启强,整个,6
高启强,转变,6
警察,反派,6
安欣,故事,6
扫黑,故事,6
扫黑,精彩,6
故事,反派,6
张译,奇怪,6
张颂文,剧情,6
喜欢,觉得,6
狂飙,没有,6
结局,演员,6
扫黑,删改,6
剧情,正常,6
剧情,国产,6
细节,没有,6
对不上,演员,6
一部,国产,6
真是,真的,6
现实,表演,6
知道,张颂文,6
张译,不了,6
张译,不住,6
有点,张译,6
好看,剧情,6
知道,张译,6
台词,扫黑,6
台词,高启强,6
台词,反派,6
口型,台词,6
对不上,扫黑,6
对不上,题材,6
张译,前期,6
张译,成长,6
张颂文,故事,6
张颂文,剧本,6
扫黑,期待,6
扫黑,前期,6
扫黑,剧本,6
除恶,张颂文,6
孟德海,高启强,6
前期,后期,6
高启强,剧本,6
成长,张颂文,6
后面,可惜,6
角色,大嫂,6
没有,是不是,6
完全,安欣,6
完全,角色,6
完全,人物,6
安欣,黑社会,6
警察,角色,6
警察,黑社会,6
警察,人物,6
尤其,高启强,6
尤其,人物,6
逐渐,逐渐,6
黑社会,角色,6
黑社会,逐渐,6
势力,逐渐,6
大量,逐渐,6
保护伞,没有,6
有点,感觉,6
出彩,张译,6
张译,蹩脚,6
角色,观众,6
达康,书记,6
人物,演技,6
塑造,人物,6
塑造,塑造,6
比较,张译,6
比较,人物,6
安欣,知道,6
张译,李一桐,6
演技,看到,6
高启强,观众,6
没有,塑造,6
走向,题材,6
刻画,没有,6
社会,成为,6
本土,题材,6
教父,最后,6
没有,演员,6
国产,部分,6
国产,角色,6
徐江,没有,6
不够,高启强,6
不够,部分,6
高启强,国内,6
对抗,没有,6
大量,没有,6
角色,李响,6
角色,台词,6
主要,安欣,6
人物,很多,6
真正,没有,6
安欣,真正,6
英雄,可能,6
黑恶势力,没有,6
张译,希望,6
张译,反感,6
一部,演技,6
后面,编剧,6
知道,编剧,6
导演,编剧,6
编剧,后面,6
看到,这部,6
看到,需要,6
这部,看到,6
出彩,没有,6
精彩,最后,6
人物,变成,6
人物,不到,6
故事,很多,6
故事,最后,6
故事,演员,6
指导组,最后,6
剧情,后期,6
竟然,最后,6
问题,人物,6
后期,剧情,6
安欣,陈书婷,6
安欣,老默,6
高启强,几个,6
高启强,需要,6
安欣,不够,6
安欣,始终,6
安欣,部分,6
没有,可惜,6
人物,其实,6
理解,没有,6
看到,真的,6
李响,张颂文,6
李响,演技,6
主旋律,角色,6
坏人,好人,6
高启,喜欢,6
高启,没有,6
高启,这种,6
高启,剧情,6
喜欢,很多,6
喜欢,饱满,6
喜欢,人民,6
安欣,坏人,6
没有,坏人,6
没有,一点,6
觉得,剧情,6
这种,剧情,6
时间,剧情,6
人物,细节,6
感觉,演技,6
地方,地方,6
真的,正常,6
剧情,看到,6
前面,后面,6
精彩,后面,6
剧情,剧本,6
剧情,只能,6
一点,本剧,6
一点,一点,6
孟德海,安欣,6
本剧,最后,6
非常,表演,6
角色,演技,6
这种,演技,6
编剧,不能,6
感觉,观众,6
这种,观众,6
反派,过程,6
感觉,现在,6
反派,其实,6
黑暗,保护伞,6
现实,保护伞,6
之前,角色,6
表演,角色,6
保护伞,监督,6
保护伞,理想,6
没有,在线,6
这种,真的,6
演技,在线,6
真的,人物,6
人物,工具,6
基本,张颂文,6
这部,不会,6
这部,剧情,6
感觉,故事,6
现在,编剧,6
现在,高启强,6
坏人,主动,6
坏人,变坏,6
最后,对不上,6
对不上,真的,6
目前,回收,6
目前,放大,6
目前,安欣,6
目前,张颂文,6
目前,电影,6
目前,真的,6
看到,不错,6
看到,真是,6
看到,张译,6
台词,电影,6
基本,没有,6
没有,完全,6
很多,这部,6
回收,现实,6
放大,现实,6
真实,真的,6
这剧,真是,6
这剧,没有,6
这剧,台词,6
这剧,现实,6
演技,完全,6
真的,台词,6
完全,现实,6
高启,哥哥,6
立冬,这种,6
扫黑,几个,6
前面,安欣,6
这种,高启强,6
主角,张译,6
高启强,设定,6
高启强,发家史,6
好看,演员,6
部分,真的,6
主要,角色,6
主要,这部,6
角色,比较,6
扫黑,后面,6
扫黑,真的,6
专案组,剧情,6
专案组,人物,6
专案组,扫黑,6
虎头蛇尾,没有,6
后面,台词,6
演员,人物,6
人物,这部,6
人物,明显,6
人物,情节,6
人物,扁平,6
刻画,角色,6
刻画,扫黑,6
现在,角色,6
真的,最后,6
塑造,角色,6
大佬,角色,6
角色,几集,6
高启强,跳楼,6
高启强,老白,6
角色,完全,6
问题,高启强,6
时间,最后,6
演员,故事,6
反派,部分,6
没有,气质,6
感觉,这部,6
感觉,没有,6
张译,后面,6
人物,导演,6
安欣,不能,6
安欣,失望,6
安欣,吴刚,6
高启强,真是,6
高启强,口音,6
觉得,不能,6
编剧,立冬,6
秘书,立冬,6
秘书,居然,6
居然,这种,6
这种,最后,6
高启强,智商,6
李响,编剧,6
角色,简直,6
角色,居然,6
角色,后期,6
主要,演技,6
没有,比较,6
没有,掩盖,6
没有,不住,6
卧底,一会,6
黑社会,一会,6
黑社会,大佬,6
张译,一会,6
演技,掩盖,6
口音,张颂文,6
看到,一会,6
角色,一会,6
一会,角色,6
一会,现实,6
女性,工具,6
没有,剧本,6
没有,高启,6
没有,警察,6
最后,其实,6
最后,高启,6
角色,陈书婷,6
角色,孟钰,6
其实,套路,6
其实,高启强,6
其实,觉得,6
剧情,这种,6
套路,这种,6
儿子,剧情,6
用力,过猛,6
黑道,爽文,6
黑道,一点,6
爽文,扫黑,6
检查组,一点,6
基础,一点,6
一点,几乎,6
一点,探讨,6
故事,不能,6
港口城市,不能,6
人物,不能,6
群像,人物,6
群像,老白,6
群像,角色,6
时代,老白,6
人物,转变,6
人物,内在,6
人物,深层,6
人物,模糊,6
前期,角色,6
转变,老白,6
老白,模糊,6
编剧,狂飙,6
知道,演员,6
水平,正常,6
编剧,台词,6
角色,喜欢,6
高启强,离谱,6
蹩脚,剧情,6
时代,争议,6
时代,是不是,6
时代,美化,6
时代,黑帮,6
时代,审美,6
时代,智识,6
如果说,时代,6
黑社会,时代,6
黑社会,剧情,6
老大,时代,6
想要,时代,6
洗白,时代,6
慈善,时代,6
坏人,角色,6
不够,孤勇,6
不够,造成,6
不够,一点,6
不够,真是,6
越来越,觉得,6
越来越,真的,6
没有,女性,6
觉得,编剧,6
逆袭,强哥,6
很多,角色,6
强哥,成长,6
没有,观众,6
观众,张颂文,6
台词,剧情,6
精彩,真的,6
集是,真的,6
真的,9.1,6
感觉,真的,6
演员,剧本,6
人物,走向,6
出现,最后,6
安欣,有人,6
杀手,表演,6
逻辑,很多,6
效果,表演,6
编剧,男性,6
男性,女性,6
演员,特别,6
男人,角色,6
坏人,复杂,6
演员,行动,6
演员,真是,6
局长,女儿,6
局长,角色,6
逻辑,不通,6
逻辑,观众,6
扫黑,看到,6
警察,说话,6
局长,说话,6
贪腐,英雄,6
不公,群像,6
不公,成为,6
不公,开恩,6
不公,社会,6
不公,通畅,6
英雄,通畅,6
情节,情节,6
电视剧,权力,6
电视剧,制约,6
问题,男一号,6
坏人,这是,6
重新,整顿,6
组织,整顿,6
一下,整顿,6
语言,整顿,6
这部,个人,6
孕育,整顿,6
背景,整顿,6
全国,整顿,6
政法队伍,整顿,6
整顿,很多,6
整顿,挂羊头卖狗肉,6
整顿,看到,6
整顿,第五集,6
整顿,黑老大,6
整顿,故事,6
整顿,知道,6
整顿,篇幅,6
整顿,讲到,6
整顿,往后,6
整顿,五星,6
整顿,自由,6
整顿,短评,6
整顿,看过,6
整顿,影视,6
整顿,评价,6
整顿,留言,6
整顿,不会,6
整顿,回复,6
整顿,谩骂,6
整顿,投诉,6
整顿,拉黑,6
政法,内容,6
第一集,政法,6
个人,打算,6
打算,打算,6
说话,唯唯诺诺,6
说话,说话,6
唯唯诺诺,说话,6
唯唯诺诺,角色,6
变坏,对付,6
变坏,坏人,6
对付,对付,6
观众,台词,6
肯定,人物,6
反转,坏人,6
反转,点题,6
一星,营销,6
刻画,剧情,6
反黑,发家史,6
反黑,认真,6
专案组,不要,6
情节,上面,6
情节,作品,6
情节,表演,6
上面,观众,6
上面,作品,6
上面,表演,6
市长,动手,6
张译,吴刚,5
真的,这种,5
真是,张颂文,5
吴刚,演员,5
黄瑶,高启强,5
立冬,强行,5
可惜,其实,5
这剧,部分,5
这剧,反派,5
高启强,现在,5
高启强,出现,5
高启强,刻板,5
其实,部分,5
现在,扫黑,5
主旋律,张译,5
部分,张颂文,5
张译,可能,5
精彩,张译,5
张颂文,非常,5
黑社会,人物,5
影响,人物,5
非常,人物,5
喜欢,看看,5
张颂文,根本,5
演得,张译,5
张译,演出,5
张译,根本,5
高启强,特别,5
高启强,老师,5
剧情,非常,5
剧情,不错,5
演技,不错,5
演技,高启强,5
非常,一部,5
一部,高启强,5
一部,真的,5
张译,变成,5
安欣,保护,5
安欣,居然,5
安欣,世界,5
张译,搞笑,5
张译,叙事,5
张颂文,刻画,5
张颂文,叙事,5
张颂文,时代,5
张颂文,编剧,5
悬疑,安欣,5
细节,叙事,5
高启强,陆寒,5
大佬,人性,5
大佬,安欣,5
大佬,人物,5
变化,人物,5
刻板,刻画,5
情节,编剧,5
时代,编剧,5
人物,丰满,5
张译,期待,5
狂飙,看到,5
觉得,警察,5
害怕,警察,5
安欣,强哥,5
安欣,希望,5
警察,看到,5
警察,强哥,5
应该,警察,5
看到,警察,5
张译,痕迹,5
表演,没有,5
社会,问题,5
社会,扫黑,5
问题,本剧,5
问题,这是,5
本剧,扫黑,5
本剧,没有,5
扫黑,过程,5
安欣,坚守,5
张颂文,厉害,5
张颂文,有点,5
张颂文,烂尾,5
没有,真是,5
真是,不要,5
精彩,不要,5
两年,现实,5
这种,觉得,5
李响,很多,5
李响,扫黑,5
正义,很多,5
很多,觉得,5
很多,很多,5
觉得,觉得,5
看到,国产,5
喜欢,一点,5
张颂文,现在,5
中国,观众,5
等离子,电视,5
现实,题材,5
扫黑,安欣,5
情节,安欣,5
情节,现实,5
剧本,安欣,5
时间,没有,5
反派,宣传,5
反派,故事,5
角色,警察,5
角色,制度,5
角色,已经,5
角色,整个,5
高启强,配音,5
高启强,精彩,5
警察,没有,5
安欣,一直,5
安欣,整个,5
安欣,表演,5
扫黑,宣传,5
扫黑,共情,5
保护,没有,5
没有,结尾,5
之间,人性,5
审查,张颂文,5
难得,反派,5
张译,不能,5
口音,奇怪,5
张颂文,不错,5
剧情,目前,5
觉得,女性,5
觉得,张颂文,5
成为,观众,5
狂飙,编剧,5
人设,没有,5
剧情,不会,5
剧情,观众,5
对不上,环境,5
删改,没有,5
原因,没有,5
演员,可能,5
国产,演员,5
编剧,一定,5
编剧,可能,5
每个,没有,5
狂飙,真是,5
狂飙,知道,5
真的,人设,5
真的,表演,5
之后,高启强,5
之后,现实,5
之后,知道,5
后面,真是,5
后面,指导组,5
高启强,强行,5
强行,降智,5
现实,真的,5
现实,这种,5
角色,不住,5
没有,京海,5
知道,扫黑,5
台词,口型,5
台词,前期,5
台词,后期,5
台词,可惜,5
口型,张译,5
口型,张颂文,5
口型,扫黑,5
口型,高启强,5
对不上,张译,5
对不上,反派,5
镜头,扫黑,5
本剧,张译,5
开局,张颂文,5
张译,狂飙,5
张译,后期,5
好看,扫黑,5
好看,反派,5
扫黑,孟德海,5
扫黑,成长,5
扫黑,沦为,5
除恶,警察,5
环境,题材,5
警察,设定,5
变化,高启强,5
狂飙,台词,5
故事,最大,5
故事,演技,5
正确,高启强,5
剧本,演技,5
这部,演技,5
这部,主角,5
这部,塑造,5
可惜,角色,5
可惜,知道,5
黄瑶,真的,5
黄瑶,角色,5
张颂文,塑造,5
演技,饱满,5
真的,反派,5
真的,工具,5
反派,知道,5
反派,主角,5
角色,形象,5
角色,饱满,5
角色,仿佛,5
仿佛,知道,5
工具,主角,5
形象,角色,5
高启强,明显,5
高启强,突出,5
高启强,基本,5
叙事,故事,5
黑社会,看到,5
指导组,人物,5
人物,看到,5
人物,表达,5
主旋律,故事,5
保护伞,保护伞,5
张译,演得,5
做作,口音,5
一口,口音,5
口音,张译,5
精彩,角色,5
观众,作品,5
人物,比较,5
人物,主角,5
人物,弧光,5
人物,更加,5
比较,演技,5
比较,观众,5
比较,正义,5
安欣,坚持,5
安欣,痛苦,5
张译,观众,5
演技,人物,5
演技,正义,5
编剧,只能,5
高启强,正义,5
看到,主角,5
看到,知道,5
主角,没有,5
知道,没有,5
父母,没有,5
没有,挣扎,5
剧情,走向,5
剧情,成长,5
走向,社会,5
对不上,最后,5
狂飙,最后,5
社会,题材,5
社会,演员,5
张颂文,教父,5
张颂文,五星,5
这部,最后,5
成为,社会,5
教父,没有,5
绝命,最后,5
毒师,最后,5
最后,需要,5
当下,题材,5
出现,没有,5
观众,题材,5
观众,需要,5
题材,没有,5
节奏,台词,5
节奏,没有,5
看过,没有,5
不够,角色,5
不够,可能,5
高启强,成为,5
高启强,问题,5
发家,角色,5
对抗,高启强,5
部分,安欣,5
没法,没有,5
大量,台词,5
修改,没有,5
台词,人物,5
台词,很多,5
案件,没有,5
线索,没有,5
角色,光环,5
角色,只能,5
人物,台词,5
扫黑,黑恶势力,5
题材,问题,5
真正,高启强,5
安欣,英雄,5
英雄,成为,5
李响,谭思言,5
没有,只能,5
张译,保持,5
这部,安欣,5
精彩,真是,5
电视剧,张译,5
终于,安欣,5
看到,编剧,5
编剧,扫黑,5
扫黑,正义,5
看到,东西,5
结尾,现实,5
人物,配音,5
疯狂,配音,5
故事,没有,5
指导组,剧情,5
剧情,真正,5
剧情,两个,5
变成,最后,5
安欣,真相,5
安欣,需要,5
安欣,饺子,5
安欣,演员,5
意义,最后,5
衣服,最后,5
后期,最后,5
配音,剧情,5
很多,最后,5
可能,演员,5
最后,吃饺子,5
安欣,堕落,5
高启强,老默,5
知道,安欣,5
烂尾,扫黑,5
高启强,放弃,5
高启强,始终,5
安欣,底线,5
条线,没有,5
正义,没有,5
不够,笔墨,5
剧里,人物,5
没有,那种,5
演员,看到,5
看到,演技,5
看到,演员,5
李响,真的,5
张颂文,看到,5
张译,剧里,5
每个,角色,5
部分,演员,5
高启,高启强,5
高启,很多,5
喜欢,喜欢,5
喜欢,有点,5
安欣,玛丽,5
黑暗,没有,5
正义,剧情,5
没有,坚定,5
没有,老默,5
没有,陈书婷,5
没有,好人,5
没有,情节,5
觉得,没有,5
觉得,台词,5
保护,剧情,5
高启强,细节,5
高启强,伟光,5
好人,坏人,5
坏人,剧情,5
有点,剧情,5
很多,细节,5
以后,剧情,5
希望,角色,5
告诉,角色,5
角色,成长,5
角色,这种,5
角色,毫无,5
地方,非常,5
地方,标准,5
奇怪,地方,5
真的,不能,5
剧情,强行,5
前面,精彩,5
精彩,可惜,5
后面,没有,5
显然,一点,5
依然,人物,5
细节,删减,5
人物,关系,5
人物,极大,5
人物,本剧,5
人物,毕竟,5
人物,家庭,5
孟德海,人物,5
两个,人物,5
张译,出现,5
张译,这部,5
张译,地方,5
清瘦,非常,5
身型,非常,5
纯净,非常,5
眼神,非常,5
非常,有人,5
非常,这部,5
非常,评价,5
有人,非常,5
这种,非常,5
这部,评价,5
编剧,这种,5
观众,剧本,5
直接,没有,5
觉得,真的,5
出彩,演绎,5
没有,任何人,5
剧中,没有,5
形象,扫黑,5
形象,没有,5
时间,感觉,5
国产,观众,5
反派,集体,5
对不上,现实,5
现实,精彩,5
剧情,情节,5
剧情,紧凑,5
这部,编剧,5
感觉,编剧,5
犹如,编剧,5
编剧,平庸,5
编剧,建议,5
社会,坏人,5
内在,编剧,5
特别,故事,5
故事,编剧,5
故事,后面,5
几集,张颂文,5
口型,真的,5
枉费,台词,5
看到,完全,5
不错,不错,5
剧情,剧中,5
紧凑,台词,5
紧凑,现实,5
台词,不错,5
台词,完全,5
没有,剧中,5
很多,真是,5
剧中,现实,5
剧中,真的,5
现实,完全,5
这剧,演技,5
这剧,真的,5
安欣,狂飙,5
张颂文,地方,5
老师,真的,5
主角,演技,5
演技,现实,5
高启,李响,5
高启强,一下,5
立冬,李响,5
成为,李响,5
成为,几个,5
特别,安欣,5
前面,高启强,5
几个,高启强,5
剧本,真的,5
这是,高启强,5
编剧,张译,5
觉得,这部,5
高启强,气场,5
主要,比较,5
角色,细节,5
角色,现在,5
角色,风暴,5
角色,恶人,5
角色,发家史,5
角色,沦为,5
角色,扁平,5
扫黑,专案组,5
扫黑,黑老大,5
扫黑,最后,5
刻板,角色,5
起来,角色,5
起来,没有,5
删改,剧情,5
删改,角色,5
虎头蛇尾,角色,5
剧情,铺垫,5
剧情,反派,5
剧情,觉得,5
剧情,现在,5
剧情,比较,5
剧情,塑造,5
一下,角色,5
一下,觉得,5
反派,现在,5
反派,这部,5
反派,正面,5
演得,角色,5
张颂文,觉得,5
张颂文,比较,5
气场,角色,5
非常,没有,5
非常,扫黑,5
现在,这部,5
比较,角色,5
9.1,没有,5
9.1,角色,5
黑老大,角色,5
高启强,令人,5
人物,有点,5
除恶,现实,5
大佬,掩盖,5
居然,角色,5
居然,最后,5
这剧,人物,5
这剧,角色,5
人物,几个,5
几个,角色,5
几个,演员,5
演员,现实,5
演员,精彩,5
内容,这部,5
没有,不能,5
非得,高启强,5
高启强,这是,5
本剧,完全,5
最后,角色,5
烂尾,角色,5
烂尾,没有,5
白眼狼,角色,5
烂尾,高启强,5
权力,问题,5
权力,权力,5
权力,高启强,5
问题,完全,5
套路,剧情,5
莫名其妙,剧情,5
剧情,有点,5
正义,不能,5
有点,真的,5
真的,好看,5
知道,回头,5
演员,口音,5
其实,故事,5
张颂文,其实,5
人物,口音,5
适合,口音,5
叙事,没有,5
这部,影视,5
高启强,效果,5
是因为,演员,5
不够,工具,5
不够,现在,5
张颂文,后面,5
特别,角色,5
说话,适合,5
后面,张译,5
角色,导演,5
烂尾,真是,5
真的,觉得,5
真的,张译,5
孟德海,居然,5
高启强,演绎,5
一起,觉得,5
不能,安欣,5
不能,不能,5
剧情,不要,5
部分,失望,5
编剧,孟德海,5
编剧,居然,5
导演,立冬,5
审判,立冬,5
最后,高启强,5
扫黑,直接,5
李响,现实,5
人设,角色,5
丰富,角色,5
没有,李响,5
没有,知道,5
没有,意思,5
没有,鱼贩,5
没有,表现,5
李响,大佬,5
黑社会,没有,5
黑社会,张译,5
黑社会,安欣,5
居然,没有,5
张译,李响,5
演技,鱼贩,5
演技,气质,5
鱼贩,不住,5
大佬,不住,5
是不是,最后,5
是不是,角色,5
官腔,没有,5
官腔,角色,5
最后,黄瑶,5
基本,角色,5
角色,看着,5
说话,觉得,5
看着,演技,5
三分之一,其实,5
三分之一,剧情,5
其实,专案组,5
扫黑,得到,5
扫黑,幼稚,5
扫黑,hsh,5
扫黑,老大,5
剧情,几个,5
hsh,剧情,5
剧情,感觉,5
警察,感觉,5
用力,口音,5
过猛,口音,5
口音,反派,5
爽文,反派,5
爽文,集体,5
爽文,降智,5
爽文,可能,5
爽文,除恶,5
角色,几乎,5
角色,不想,5
重要,一点,5
几乎,下去,5
之前,不能,5
角色,部分,5
过程,人物,5
过程,不能,5
徐纪周,演员,5
现实,可能,5
看到,高启强,5
看到,情节,5
人物,绝命,5
人物,毒师,5
人物,家人,5
转变,人物,5
完全,其实,5
完全,部分,5
内在,角色,5
编剧,工具,5
角色,少年,5
三分之一,正常,5
水平,绝命,5
水平,毒师,5
水平,其实,5
台词,部分,5
编剧,几集,5
一起,编剧,5
沉默,真相,5
很多,编剧,5
配音,广电,5
离谱,张颂文,5
最后,居然,5
李响,后面,5
李响,剧情,5
人物,后面,5
口音,剧情,5
剧情,离谱,5
时代,删改,5
时代,剧情,5
时代,荧幕,5
时代,伏法,5
城市,时代,5
从头,时代,5
不够,真的,5
越来越,编剧,5
男主,编剧,5
真的,编剧,5
香港,黑帮片,5
很多,观众,5
强哥,张译,5
强哥,看着,5
强哥,角色,5
看着,张译,5
成长,张译,5
没有,导演,5
只能,真的,5
相当,真的,5
后面,越来越,5
根本,没有,5
